Subject,Datafile,Label
Subject01,Subject01/Subject01_Aufnahme000.csv,X
Subject01,Subject01/Subject01_Aufnahme001.csv,X
Subject01,Subject01/Subject01_Aufnahme002.csv,X
Subject01,Subject01/Subject01_Aufnahme003.csv,X
Subject01,Subject01/Subject01_Aufnahme004.csv,X
Subject01,Subject01/Subject01_Aufnahme005.csv,X
Subject01,Subject01/Subject01_Aufnahme006.csv,X
Subject01,Subject01/Subject01_Aufnahme007.csv,X
Subject01,Subject01/Subject01_Aufnahme008.csv,X
Subject01,Subject01/Subject01_Aufnahme009.csv,X
Subject01,Subject01/Subject01_Aufnahme010.csv,X
Subject01,Subject01/Subject01_Aufnahme011.csv,X
Subject01,Subject01/Subject01_Aufnahme012.csv,X
Subject01,Subject01/Subject01_Aufnahme013.csv,X
Subject01,Subject01/Subject01_Aufnahme014.csv,X
Subject01,Subject01/Subject01_Aufnahme015.csv,X
Subject01,Subject01/Subject01_Aufnahme016.csv,X
Subject01,Subject01/Subject01_Aufnahme017.csv,X
Subject01,Subject01/Subject01_Aufnahme018.csv,X
Subject01,Subject01/Subject01_Aufnahme019.csv,X
Subject01,Subject01/Subject01_Aufnahme020.csv,X
Subject01,Subject01/Subject01_Aufnahme021.csv,X
Subject01,Subject01/Subject01_Aufnahme022.csv,X
Subject01,Subject01/Subject01_Aufnahme023.csv,X
Subject01,Subject01/Subject01_Aufnahme024.csv,X
Subject01,Subject01/Subject01_Aufnahme025.csv,X
Subject01,Subject01/Subject01_Aufnahme026.csv,X
Subject01,Subject01/Subject01_Aufnahme027.csv,X
Subject01,Subject01/Subject01_Aufnahme028.csv,X
Subject01,Subject01/Subject01_Aufnahme029.csv,X
Subject01,Subject01/Subject01_Aufnahme030.csv,X
Subject01,Subject01/Subject01_Aufnahme031.csv,X
Subject01,Subject01/Subject01_Aufnahme032.csv,X
Subject01,Subject01/Subject01_Aufnahme033.csv,X
Subject01,Subject01/Subject01_Aufnahme034.csv,X
Subject01,Subject01/Subject01_Aufnahme035.csv,X
Subject01,Subject01/Subject01_Aufnahme036.csv,X
Subject01,Subject01/Subject01_Aufnahme037.csv,X
Subject01,Subject01/Subject01_Aufnahme038.csv,X
Subject01,Subject01/Subject01_Aufnahme039.csv,X
Subject01,Subject01/Subject01_Aufnahme040.csv,X
Subject01,Subject01/Subject01_Aufnahme041.csv,X
Subject01,Subject01/Subject01_Aufnahme042.csv,X
Subject01,Subject01/Subject01_Aufnahme043.csv,X
Subject01,Subject01/Subject01_Aufnahme044.csv,X
Subject01,Subject01/Subject01_Aufnahme045.csv,X
Subject01,Subject01/Subject01_Aufnahme046.csv,X
Subject01,Subject01/Subject01_Aufnahme047.csv,X
Subject01,Subject01/Subject01_Aufnahme048.csv,X
Subject01,Subject01/Subject01_Aufnahme049.csv,X
Subject01,Subject01/Subject01_Aufnahme050.csv,X
Subject01,Subject01/Subject01_Aufnahme051.csv,X
Subject01,Subject01/Subject01_Aufnahme052.csv,X
Subject01,Subject01/Subject01_Aufnahme053.csv,X
Subject01,Subject01/Subject01_Aufnahme054.csv,X
Subject01,Subject01/Subject01_Aufnahme055.csv,X
Subject01,Subject01/Subject01_Aufnahme056.csv,X
Subject01,Subject01/Subject01_Aufnahme057.csv,X
Subject01,Subject01/Subject01_Aufnahme058.csv,X
Subject01,Subject01/Subject01_Aufnahme059.csv,X
Subject01,Subject01/Subject01_Aufnahme060.csv,X
Subject01,Subject01/Subject01_Aufnahme061.csv,X
Subject01,Subject01/Subject01_Aufnahme062.csv,X
Subject01,Subject01/Subject01_Aufnahme063.csv,X
Subject01,Subject01/Subject01_Aufnahme064.csv,X
Subject01,Subject01/Subject01_Aufnahme065.csv,X
Subject01,Subject01/Subject01_Aufnahme066.csv,X
Subject01,Subject01/Subject01_Aufnahme067.csv,X
Subject01,Subject01/Subject01_Aufnahme068.csv,X
Subject01,Subject01/Subject01_Aufnahme069.csv,X
Subject01,Subject01/Subject01_Aufnahme070.csv,X
Subject01,Subject01/Subject01_Aufnahme071.csv,X
Subject01,Subject01/Subject01_Aufnahme072.csv,X
Subject01,Subject01/Subject01_Aufnahme073.csv,X
Subject01,Subject01/Subject01_Aufnahme074.csv,X
Subject01,Subject01/Subject01_Aufnahme075.csv,X
Subject01,Subject01/Subject01_Aufnahme076.csv,X
Subject01,Subject01/Subject01_Aufnahme077.csv,X
Subject01,Subject01/Subject01_Aufnahme078.csv,X
Subject01,Subject01/Subject01_Aufnahme079.csv,X
Subject01,Subject01/Subject01_Aufnahme080.csv,X
Subject01,Subject01/Subject01_Aufnahme081.csv,X
Subject01,Subject01/Subject01_Aufnahme082.csv,X
Subject01,Subject01/Subject01_Aufnahme083.csv,X
Subject01,Subject01/Subject01_Aufnahme084.csv,X
Subject01,Subject01/Subject01_Aufnahme085.csv,X
Subject01,Subject01/Subject01_Aufnahme086.csv,X
Subject01,Subject01/Subject01_Aufnahme087.csv,X
Subject01,Subject01/Subject01_Aufnahme088.csv,X
Subject01,Subject01/Subject01_Aufnahme089.csv,X
Subject01,Subject01/Subject01_Aufnahme090.csv,X
Subject01,Subject01/Subject01_Aufnahme091.csv,X
Subject01,Subject01/Subject01_Aufnahme092.csv,X
Subject01,Subject01/Subject01_Aufnahme093.csv,X
Subject01,Subject01/Subject01_Aufnahme094.csv,X
Subject01,Subject01/Subject01_Aufnahme095.csv,X
Subject01,Subject01/Subject01_Aufnahme096.csv,X
Subject01,Subject01/Subject01_Aufnahme097.csv,X
Subject01,Subject01/Subject01_Aufnahme098.csv,X
Subject01,Subject01/Subject01_Aufnahme099.csv,X
Subject01,Subject01/Subject01_Aufnahme100.csv,X
Subject01,Subject01/Subject01_Aufnahme101.csv,X
Subject01,Subject01/Subject01_Aufnahme102.csv,X
Subject01,Subject01/Subject01_Aufnahme103.csv,X
Subject01,Subject01/Subject01_Aufnahme104.csv,X
Subject01,Subject01/Subject01_Aufnahme105.csv,X
Subject01,Subject01/Subject01_Aufnahme106.csv,X
Subject01,Subject01/Subject01_Aufnahme107.csv,X
Subject01,Subject01/Subject01_Aufnahme108.csv,X
Subject01,Subject01/Subject01_Aufnahme109.csv,X
Subject01,Subject01/Subject01_Aufnahme110.csv,X
Subject01,Subject01/Subject01_Aufnahme111.csv,X
Subject01,Subject01/Subject01_Aufnahme112.csv,X
Subject01,Subject01/Subject01_Aufnahme113.csv,X
Subject01,Subject01/Subject01_Aufnahme114.csv,X
Subject01,Subject01/Subject01_Aufnahme115.csv,X
Subject01,Subject01/Subject01_Aufnahme116.csv,X
Subject01,Subject01/Subject01_Aufnahme117.csv,X
Subject01,Subject01/Subject01_Aufnahme118.csv,X
Subject01,Subject01/Subject01_Aufnahme119.csv,X
Subject01,Subject01/Subject01_Aufnahme120.csv,X
Subject01,Subject01/Subject01_Aufnahme121.csv,X
Subject01,Subject01/Subject01_Aufnahme122.csv,X
Subject01,Subject01/Subject01_Aufnahme123.csv,X
Subject01,Subject01/Subject01_Aufnahme124.csv,X
Subject01,Subject01/Subject01_Aufnahme125.csv,X
Subject01,Subject01/Subject01_Aufnahme126.csv,X
Subject01,Subject01/Subject01_Aufnahme127.csv,X
Subject01,Subject01/Subject01_Aufnahme128.csv,X
Subject01,Subject01/Subject01_Aufnahme129.csv,X
Subject01,Subject01/Subject01_Aufnahme130.csv,X
Subject01,Subject01/Subject01_Aufnahme131.csv,X
Subject01,Subject01/Subject01_Aufnahme132.csv,X
Subject01,Subject01/Subject01_Aufnahme133.csv,X
Subject01,Subject01/Subject01_Aufnahme134.csv,X
Subject01,Subject01/Subject01_Aufnahme135.csv,X
Subject01,Subject01/Subject01_Aufnahme136.csv,X
Subject01,Subject01/Subject01_Aufnahme137.csv,X
Subject01,Subject01/Subject01_Aufnahme138.csv,X
Subject01,Subject01/Subject01_Aufnahme139.csv,X
Subject01,Subject01/Subject01_Aufnahme140.csv,X
Subject01,Subject01/Subject01_Aufnahme141.csv,X
Subject01,Subject01/Subject01_Aufnahme142.csv,X
Subject01,Subject01/Subject01_Aufnahme143.csv,X
Subject01,Subject01/Subject01_Aufnahme144.csv,X
Subject01,Subject01/Subject01_Aufnahme145.csv,X
Subject01,Subject01/Subject01_Aufnahme146.csv,X
Subject01,Subject01/Subject01_Aufnahme147.csv,X
Subject01,Subject01/Subject01_Aufnahme148.csv,X
Subject01,Subject01/Subject01_Aufnahme149.csv,X
Subject01,Subject01/Subject01_Aufnahme150.csv,X
Subject01,Subject01/Subject01_Aufnahme151.csv,X
Subject01,Subject01/Subject01_Aufnahme152.csv,X
Subject01,Subject01/Subject01_Aufnahme153.csv,X
Subject01,Subject01/Subject01_Aufnahme154.csv,X
Subject01,Subject01/Subject01_Aufnahme155.csv,X
Subject01,Subject01/Subject01_Aufnahme156.csv,X
Subject01,Subject01/Subject01_Aufnahme157.csv,X
Subject01,Subject01/Subject01_Aufnahme158.csv,X
Subject01,Subject01/Subject01_Aufnahme159.csv,X
Subject01,Subject01/Subject01_Aufnahme160.csv,X
Subject01,Subject01/Subject01_Aufnahme161.csv,X
Subject01,Subject01/Subject01_Aufnahme162.csv,X
Subject01,Subject01/Subject01_Aufnahme163.csv,X
Subject01,Subject01/Subject01_Aufnahme164.csv,X
Subject01,Subject01/Subject01_Aufnahme165.csv,X
Subject01,Subject01/Subject01_Aufnahme166.csv,X
Subject01,Subject01/Subject01_Aufnahme167.csv,X
Subject01,Subject01/Subject01_Aufnahme168.csv,X
Subject01,Subject01/Subject01_Aufnahme169.csv,X
Subject01,Subject01/Subject01_Aufnahme170.csv,X
Subject01,Subject01/Subject01_Aufnahme171.csv,X
Subject01,Subject01/Subject01_Aufnahme172.csv,X
Subject01,Subject01/Subject01_Aufnahme173.csv,X
Subject01,Subject01/Subject01_Aufnahme174.csv,X
Subject01,Subject01/Subject01_Aufnahme175.csv,X
Subject01,Subject01/Subject01_Aufnahme176.csv,X
Subject01,Subject01/Subject01_Aufnahme177.csv,X
Subject01,Subject01/Subject01_Aufnahme178.csv,X
Subject01,Subject01/Subject01_Aufnahme179.csv,X
Subject01,Subject01/Subject01_Aufnahme180.csv,X
Subject01,Subject01/Subject01_Aufnahme181.csv,X
Subject01,Subject01/Subject01_Aufnahme182.csv,X
Subject01,Subject01/Subject01_Aufnahme183.csv,X
Subject01,Subject01/Subject01_Aufnahme184.csv,X
Subject01,Subject01/Subject01_Aufnahme185.csv,X
Subject01,Subject01/Subject01_Aufnahme186.csv,X
Subject01,Subject01/Subject01_Aufnahme187.csv,X
Subject01,Subject01/Subject01_Aufnahme188.csv,X
Subject01,Subject01/Subject01_Aufnahme189.csv,X
Subject01,Subject01/Subject01_Aufnahme190.csv,X
Subject01,Subject01/Subject01_Aufnahme191.csv,X
Subject01,Subject01/Subject01_Aufnahme192.csv,X
Subject01,Subject01/Subject01_Aufnahme193.csv,X
Subject01,Subject01/Subject01_Aufnahme194.csv,X
Subject01,Subject01/Subject01_Aufnahme195.csv,X
Subject01,Subject01/Subject01_Aufnahme196.csv,X
Subject01,Subject01/Subject01_Aufnahme197.csv,X
Subject01,Subject01/Subject01_Aufnahme198.csv,X
Subject01,Subject01/Subject01_Aufnahme199.csv,X
Subject01,Subject01/Subject01_Aufnahme200.csv,X
Subject01,Subject01/Subject01_Aufnahme201.csv,X
Subject01,Subject01/Subject01_Aufnahme202.csv,X
Subject01,Subject01/Subject01_Aufnahme203.csv,X
Subject01,Subject01/Subject01_Aufnahme204.csv,X
Subject01,Subject01/Subject01_Aufnahme205.csv,X
Subject01,Subject01/Subject01_Aufnahme206.csv,X
Subject01,Subject01/Subject01_Aufnahme207.csv,X
Subject01,Subject01/Subject01_Aufnahme208.csv,X
Subject01,Subject01/Subject01_Aufnahme209.csv,X
Subject01,Subject01/Subject01_Aufnahme210.csv,X
Subject01,Subject01/Subject01_Aufnahme211.csv,X
Subject01,Subject01/Subject01_Aufnahme212.csv,X
Subject01,Subject01/Subject01_Aufnahme213.csv,X
Subject01,Subject01/Subject01_Aufnahme214.csv,X
Subject01,Subject01/Subject01_Aufnahme215.csv,X
Subject01,Subject01/Subject01_Aufnahme216.csv,X
Subject01,Subject01/Subject01_Aufnahme217.csv,X
Subject01,Subject01/Subject01_Aufnahme218.csv,X
Subject01,Subject01/Subject01_Aufnahme219.csv,X
Subject01,Subject01/Subject01_Aufnahme220.csv,X
Subject01,Subject01/Subject01_Aufnahme221.csv,X
Subject01,Subject01/Subject01_Aufnahme222.csv,X
Subject01,Subject01/Subject01_Aufnahme223.csv,X
Subject01,Subject01/Subject01_Aufnahme224.csv,X
Subject01,Subject01/Subject01_Aufnahme225.csv,X
Subject01,Subject01/Subject01_Aufnahme226.csv,X
Subject01,Subject01/Subject01_Aufnahme227.csv,X
Subject01,Subject01/Subject01_Aufnahme228.csv,X
Subject01,Subject01/Subject01_Aufnahme229.csv,X
Subject01,Subject01/Subject01_Aufnahme230.csv,X
Subject01,Subject01/Subject01_Aufnahme231.csv,X
Subject01,Subject01/Subject01_Aufnahme232.csv,X
Subject01,Subject01/Subject01_Aufnahme233.csv,X
Subject01,Subject01/Subject01_Aufnahme234.csv,X
Subject01,Subject01/Subject01_Aufnahme235.csv,X
Subject01,Subject01/Subject01_Aufnahme236.csv,X
Subject01,Subject01/Subject01_Aufnahme237.csv,X
Subject01,Subject01/Subject01_Aufnahme238.csv,X
Subject01,Subject01/Subject01_Aufnahme239.csv,X
Subject01,Subject01/Subject01_Aufnahme240.csv,X
Subject01,Subject01/Subject01_Aufnahme241.csv,X
Subject01,Subject01/Subject01_Aufnahme242.csv,X
Subject01,Subject01/Subject01_Aufnahme243.csv,X
Subject01,Subject01/Subject01_Aufnahme244.csv,X
Subject01,Subject01/Subject01_Aufnahme245.csv,X
Subject01,Subject01/Subject01_Aufnahme246.csv,X
Subject01,Subject01/Subject01_Aufnahme247.csv,X
Subject01,Subject01/Subject01_Aufnahme248.csv,X
Subject01,Subject01/Subject01_Aufnahme249.csv,X
Subject01,Subject01/Subject01_Aufnahme250.csv,X
Subject01,Subject01/Subject01_Aufnahme251.csv,X
Subject01,Subject01/Subject01_Aufnahme252.csv,X
Subject01,Subject01/Subject01_Aufnahme253.csv,X
Subject01,Subject01/Subject01_Aufnahme254.csv,X
Subject01,Subject01/Subject01_Aufnahme255.csv,X
Subject01,Subject01/Subject01_Aufnahme256.csv,X
Subject01,Subject01/Subject01_Aufnahme257.csv,X
Subject01,Subject01/Subject01_Aufnahme258.csv,X
Subject01,Subject01/Subject01_Aufnahme259.csv,X
Subject01,Subject01/Subject01_Aufnahme260.csv,X
Subject01,Subject01/Subject01_Aufnahme261.csv,X
Subject01,Subject01/Subject01_Aufnahme262.csv,X
Subject01,Subject01/Subject01_Aufnahme263.csv,X
Subject01,Subject01/Subject01_Aufnahme264.csv,X
Subject01,Subject01/Subject01_Aufnahme265.csv,X
Subject01,Subject01/Subject01_Aufnahme266.csv,X
Subject01,Subject01/Subject01_Aufnahme267.csv,X
Subject01,Subject01/Subject01_Aufnahme268.csv,X
Subject01,Subject01/Subject01_Aufnahme269.csv,X
Subject01,Subject01/Subject01_Aufnahme270.csv,X
Subject01,Subject01/Subject01_Aufnahme271.csv,X
Subject01,Subject01/Subject01_Aufnahme272.csv,X
Subject01,Subject01/Subject01_Aufnahme273.csv,X
Subject01,Subject01/Subject01_Aufnahme274.csv,X
Subject01,Subject01/Subject01_Aufnahme275.csv,X
Subject01,Subject01/Subject01_Aufnahme276.csv,X
Subject01,Subject01/Subject01_Aufnahme277.csv,X
Subject01,Subject01/Subject01_Aufnahme278.csv,X
Subject01,Subject01/Subject01_Aufnahme279.csv,X
Subject01,Subject01/Subject01_Aufnahme280.csv,X
Subject01,Subject01/Subject01_Aufnahme281.csv,X
Subject01,Subject01/Subject01_Aufnahme282.csv,X
Subject01,Subject01/Subject01_Aufnahme283.csv,X
Subject01,Subject01/Subject01_Aufnahme284.csv,X
Subject01,Subject01/Subject01_Aufnahme285.csv,X
Subject01,Subject01/Subject01_Aufnahme286.csv,X
Subject01,Subject01/Subject01_Aufnahme287.csv,X
Subject01,Subject01/Subject01_Aufnahme288.csv,X
Subject01,Subject01/Subject01_Aufnahme289.csv,X
Subject01,Subject01/Subject01_Aufnahme290.csv,X
Subject01,Subject01/Subject01_Aufnahme291.csv,X
Subject01,Subject01/Subject01_Aufnahme292.csv,X
Subject01,Subject01/Subject01_Aufnahme293.csv,X
Subject01,Subject01/Subject01_Aufnahme294.csv,X
Subject01,Subject01/Subject01_Aufnahme295.csv,X
Subject01,Subject01/Subject01_Aufnahme296.csv,X
Subject01,Subject01/Subject01_Aufnahme297.csv,X
Subject01,Subject01/Subject01_Aufnahme298.csv,X
Subject01,Subject01/Subject01_Aufnahme299.csv,X
Subject01,Subject01/Subject01_Aufnahme300.csv,X
Subject01,Subject01/Subject01_Aufnahme301.csv,X
Subject01,Subject01/Subject01_Aufnahme302.csv,X
Subject01,Subject01/Subject01_Aufnahme303.csv,X
Subject01,Subject01/Subject01_Aufnahme304.csv,X
Subject01,Subject01/Subject01_Aufnahme305.csv,X
Subject01,Subject01/Subject01_Aufnahme306.csv,X
Subject01,Subject01/Subject01_Aufnahme307.csv,X
Subject01,Subject01/Subject01_Aufnahme308.csv,X
Subject01,Subject01/Subject01_Aufnahme309.csv,X
Subject01,Subject01/Subject01_Aufnahme310.csv,X
Subject01,Subject01/Subject01_Aufnahme311.csv,X
Subject01,Subject01/Subject01_Aufnahme312.csv,X
Subject01,Subject01/Subject01_Aufnahme313.csv,X
Subject01,Subject01/Subject01_Aufnahme314.csv,X
Subject01,Subject01/Subject01_Aufnahme315.csv,X
Subject01,Subject01/Subject01_Aufnahme316.csv,X
Subject01,Subject01/Subject01_Aufnahme317.csv,X
Subject01,Subject01/Subject01_Aufnahme318.csv,X
Subject01,Subject01/Subject01_Aufnahme319.csv,X
Subject01,Subject01/Subject01_Aufnahme320.csv,X
Subject01,Subject01/Subject01_Aufnahme321.csv,X
Subject01,Subject01/Subject01_Aufnahme322.csv,X
Subject01,Subject01/Subject01_Aufnahme323.csv,X
Subject01,Subject01/Subject01_Aufnahme324.csv,X
Subject01,Subject01/Subject01_Aufnahme325.csv,X
Subject01,Subject01/Subject01_Aufnahme326.csv,X
Subject01,Subject01/Subject01_Aufnahme327.csv,X
Subject01,Subject01/Subject01_Aufnahme328.csv,X
Subject01,Subject01/Subject01_Aufnahme329.csv,X
Subject01,Subject01/Subject01_Aufnahme330.csv,X
Subject01,Subject01/Subject01_Aufnahme331.csv,X
Subject01,Subject01/Subject01_Aufnahme332.csv,X
Subject01,Subject01/Subject01_Aufnahme333.csv,X
Subject01,Subject01/Subject01_Aufnahme334.csv,X
Subject01,Subject01/Subject01_Aufnahme335.csv,X
Subject01,Subject01/Subject01_Aufnahme336.csv,X
Subject01,Subject01/Subject01_Aufnahme337.csv,X
Subject01,Subject01/Subject01_Aufnahme338.csv,X
Subject01,Subject01/Subject01_Aufnahme339.csv,X
Subject01,Subject01/Subject01_Aufnahme340.csv,X
Subject01,Subject01/Subject01_Aufnahme341.csv,X
Subject01,Subject01/Subject01_Aufnahme342.csv,X
Subject01,Subject01/Subject01_Aufnahme343.csv,X
Subject01,Subject01/Subject01_Aufnahme344.csv,X
Subject01,Subject01/Subject01_Aufnahme345.csv,X
Subject01,Subject01/Subject01_Aufnahme346.csv,X
Subject01,Subject01/Subject01_Aufnahme347.csv,X
Subject01,Subject01/Subject01_Aufnahme348.csv,X
Subject01,Subject01/Subject01_Aufnahme349.csv,X
Subject01,Subject01/Subject01_Aufnahme350.csv,X
Subject01,Subject01/Subject01_Aufnahme351.csv,X
Subject01,Subject01/Subject01_Aufnahme352.csv,X
Subject01,Subject01/Subject01_Aufnahme353.csv,X
Subject01,Subject01/Subject01_Aufnahme354.csv,X
Subject01,Subject01/Subject01_Aufnahme355.csv,X
Subject01,Subject01/Subject01_Aufnahme356.csv,X
Subject01,Subject01/Subject01_Aufnahme357.csv,X
Subject01,Subject01/Subject01_Aufnahme358.csv,X
Subject01,Subject01/Subject01_Aufnahme359.csv,X
Subject01,Subject01/Subject01_Aufnahme360.csv,X
Subject01,Subject01/Subject01_Aufnahme361.csv,X
Subject01,Subject01/Subject01_Aufnahme362.csv,X
Subject01,Subject01/Subject01_Aufnahme363.csv,X
Subject01,Subject01/Subject01_Aufnahme364.csv,X
Subject01,Subject01/Subject01_Aufnahme365.csv,X
Subject01,Subject01/Subject01_Aufnahme366.csv,X
Subject01,Subject01/Subject01_Aufnahme367.csv,X
Subject01,Subject01/Subject01_Aufnahme368.csv,X
Subject01,Subject01/Subject01_Aufnahme369.csv,X
Subject01,Subject01/Subject01_Aufnahme370.csv,X
Subject01,Subject01/Subject01_Aufnahme371.csv,X
Subject01,Subject01/Subject01_Aufnahme372.csv,X
Subject01,Subject01/Subject01_Aufnahme373.csv,X
Subject01,Subject01/Subject01_Aufnahme374.csv,X
Subject01,Subject01/Subject01_Aufnahme375.csv,X
Subject01,Subject01/Subject01_Aufnahme376.csv,X
Subject01,Subject01/Subject01_Aufnahme377.csv,X
Subject01,Subject01/Subject01_Aufnahme378.csv,X
Subject01,Subject01/Subject01_Aufnahme379.csv,X
Subject01,Subject01/Subject01_Aufnahme380.csv,X
Subject01,Subject01/Subject01_Aufnahme381.csv,X
Subject01,Subject01/Subject01_Aufnahme382.csv,X
Subject01,Subject01/Subject01_Aufnahme383.csv,X
Subject01,Subject01/Subject01_Aufnahme384.csv,X
Subject01,Subject01/Subject01_Aufnahme385.csv,X
Subject01,Subject01/Subject01_Aufnahme386.csv,X
Subject01,Subject01/Subject01_Aufnahme387.csv,X
Subject01,Subject01/Subject01_Aufnahme388.csv,X
Subject01,Subject01/Subject01_Aufnahme389.csv,X
Subject01,Subject01/Subject01_Aufnahme390.csv,X
Subject01,Subject01/Subject01_Aufnahme391.csv,X
Subject01,Subject01/Subject01_Aufnahme392.csv,X
Subject01,Subject01/Subject01_Aufnahme393.csv,X
Subject01,Subject01/Subject01_Aufnahme394.csv,X
Subject01,Subject01/Subject01_Aufnahme395.csv,X
Subject01,Subject01/Subject01_Aufnahme396.csv,X
Subject01,Subject01/Subject01_Aufnahme397.csv,X
Subject01,Subject01/Subject01_Aufnahme398.csv,X
Subject01,Subject01/Subject01_Aufnahme399.csv,X
Subject01,Subject01/Subject01_Aufnahme400.csv,X
Subject01,Subject01/Subject01_Aufnahme401.csv,X
Subject01,Subject01/Subject01_Aufnahme402.csv,X
Subject01,Subject01/Subject01_Aufnahme403.csv,X
Subject01,Subject01/Subject01_Aufnahme404.csv,X
Subject01,Subject01/Subject01_Aufnahme405.csv,X
Subject01,Subject01/Subject01_Aufnahme406.csv,X
Subject01,Subject01/Subject01_Aufnahme407.csv,X
Subject01,Subject01/Subject01_Aufnahme408.csv,X
Subject01,Subject01/Subject01_Aufnahme409.csv,X
Subject01,Subject01/Subject01_Aufnahme410.csv,X
Subject01,Subject01/Subject01_Aufnahme411.csv,X
Subject01,Subject01/Subject01_Aufnahme412.csv,X
Subject01,Subject01/Subject01_Aufnahme413.csv,X
Subject01,Subject01/Subject01_Aufnahme414.csv,X
Subject01,Subject01/Subject01_Aufnahme415.csv,X
Subject01,Subject01/Subject01_Aufnahme416.csv,X
Subject01,Subject01/Subject01_Aufnahme417.csv,X
Subject01,Subject01/Subject01_Aufnahme418.csv,X
Subject01,Subject01/Subject01_Aufnahme419.csv,X
Subject01,Subject01/Subject01_Aufnahme420.csv,X
Subject01,Subject01/Subject01_Aufnahme421.csv,X
Subject01,Subject01/Subject01_Aufnahme422.csv,X
Subject01,Subject01/Subject01_Aufnahme423.csv,X
Subject01,Subject01/Subject01_Aufnahme424.csv,X
Subject01,Subject01/Subject01_Aufnahme425.csv,X
Subject01,Subject01/Subject01_Aufnahme426.csv,X
Subject01,Subject01/Subject01_Aufnahme427.csv,X
Subject01,Subject01/Subject01_Aufnahme428.csv,X
Subject01,Subject01/Subject01_Aufnahme429.csv,X
Subject01,Subject01/Subject01_Aufnahme430.csv,X
Subject01,Subject01/Subject01_Aufnahme431.csv,X
Subject01,Subject01/Subject01_Aufnahme432.csv,X
Subject01,Subject01/Subject01_Aufnahme433.csv,X
Subject01,Subject01/Subject01_Aufnahme434.csv,X
Subject01,Subject01/Subject01_Aufnahme435.csv,X
Subject01,Subject01/Subject01_Aufnahme436.csv,X
Subject01,Subject01/Subject01_Aufnahme437.csv,X
Subject01,Subject01/Subject01_Aufnahme438.csv,X
Subject01,Subject01/Subject01_Aufnahme439.csv,X
Subject10,Subject10/Subject10_Aufnahme000.csv,X
Subject10,Subject10/Subject10_Aufnahme001.csv,X
Subject10,Subject10/Subject10_Aufnahme002.csv,X
Subject10,Subject10/Subject10_Aufnahme003.csv,X
Subject10,Subject10/Subject10_Aufnahme004.csv,X
Subject10,Subject10/Subject10_Aufnahme005.csv,X
Subject10,Subject10/Subject10_Aufnahme006.csv,X
Subject10,Subject10/Subject10_Aufnahme007.csv,X
Subject10,Subject10/Subject10_Aufnahme008.csv,X
Subject10,Subject10/Subject10_Aufnahme009.csv,X
Subject10,Subject10/Subject10_Aufnahme010.csv,X
Subject10,Subject10/Subject10_Aufnahme011.csv,X
Subject10,Subject10/Subject10_Aufnahme012.csv,X
Subject10,Subject10/Subject10_Aufnahme013.csv,X
Subject10,Subject10/Subject10_Aufnahme014.csv,X
Subject10,Subject10/Subject10_Aufnahme015.csv,X
Subject10,Subject10/Subject10_Aufnahme016.csv,X
Subject10,Subject10/Subject10_Aufnahme017.csv,X
Subject10,Subject10/Subject10_Aufnahme018.csv,X
Subject10,Subject10/Subject10_Aufnahme019.csv,X
Subject10,Subject10/Subject10_Aufnahme020.csv,X
Subject10,Subject10/Subject10_Aufnahme021.csv,X
Subject10,Subject10/Subject10_Aufnahme022.csv,X
Subject10,Subject10/Subject10_Aufnahme023.csv,X
Subject10,Subject10/Subject10_Aufnahme024.csv,X
Subject10,Subject10/Subject10_Aufnahme025.csv,X
Subject10,Subject10/Subject10_Aufnahme026.csv,X
Subject10,Subject10/Subject10_Aufnahme027.csv,X
Subject10,Subject10/Subject10_Aufnahme028.csv,X
Subject10,Subject10/Subject10_Aufnahme029.csv,X
Subject10,Subject10/Subject10_Aufnahme030.csv,X
Subject10,Subject10/Subject10_Aufnahme031.csv,X
Subject10,Subject10/Subject10_Aufnahme032.csv,X
Subject10,Subject10/Subject10_Aufnahme033.csv,X
Subject10,Subject10/Subject10_Aufnahme034.csv,X
Subject10,Subject10/Subject10_Aufnahme035.csv,X
Subject10,Subject10/Subject10_Aufnahme036.csv,X
Subject10,Subject10/Subject10_Aufnahme037.csv,X
Subject10,Subject10/Subject10_Aufnahme038.csv,X
Subject10,Subject10/Subject10_Aufnahme039.csv,X
Subject10,Subject10/Subject10_Aufnahme040.csv,X
Subject10,Subject10/Subject10_Aufnahme041.csv,X
Subject10,Subject10/Subject10_Aufnahme042.csv,X
Subject10,Subject10/Subject10_Aufnahme043.csv,X
Subject10,Subject10/Subject10_Aufnahme044.csv,X
Subject10,Subject10/Subject10_Aufnahme045.csv,X
Subject10,Subject10/Subject10_Aufnahme046.csv,X
Subject10,Subject10/Subject10_Aufnahme047.csv,X
Subject10,Subject10/Subject10_Aufnahme048.csv,X
Subject10,Subject10/Subject10_Aufnahme049.csv,X
Subject10,Subject10/Subject10_Aufnahme050.csv,X
Subject10,Subject10/Subject10_Aufnahme051.csv,X
Subject10,Subject10/Subject10_Aufnahme052.csv,X
Subject10,Subject10/Subject10_Aufnahme053.csv,X
Subject10,Subject10/Subject10_Aufnahme054.csv,X
Subject10,Subject10/Subject10_Aufnahme055.csv,X
Subject10,Subject10/Subject10_Aufnahme056.csv,X
Subject10,Subject10/Subject10_Aufnahme057.csv,X
Subject10,Subject10/Subject10_Aufnahme058.csv,X
Subject10,Subject10/Subject10_Aufnahme059.csv,X
Subject10,Subject10/Subject10_Aufnahme060.csv,X
Subject10,Subject10/Subject10_Aufnahme061.csv,X
Subject10,Subject10/Subject10_Aufnahme062.csv,X
Subject10,Subject10/Subject10_Aufnahme063.csv,X
Subject10,Subject10/Subject10_Aufnahme064.csv,X
Subject10,Subject10/Subject10_Aufnahme065.csv,X
Subject10,Subject10/Subject10_Aufnahme066.csv,X
Subject10,Subject10/Subject10_Aufnahme067.csv,X
Subject10,Subject10/Subject10_Aufnahme068.csv,X
Subject10,Subject10/Subject10_Aufnahme069.csv,X
Subject10,Subject10/Subject10_Aufnahme070.csv,X
Subject10,Subject10/Subject10_Aufnahme071.csv,X
Subject10,Subject10/Subject10_Aufnahme072.csv,X
Subject10,Subject10/Subject10_Aufnahme073.csv,X
Subject10,Subject10/Subject10_Aufnahme074.csv,X
Subject10,Subject10/Subject10_Aufnahme075.csv,X
Subject10,Subject10/Subject10_Aufnahme076.csv,X
Subject10,Subject10/Subject10_Aufnahme077.csv,X
Subject10,Subject10/Subject10_Aufnahme078.csv,X
Subject10,Subject10/Subject10_Aufnahme079.csv,X
Subject10,Subject10/Subject10_Aufnahme080.csv,X
Subject10,Subject10/Subject10_Aufnahme081.csv,X
Subject10,Subject10/Subject10_Aufnahme082.csv,X
Subject10,Subject10/Subject10_Aufnahme083.csv,X
Subject10,Subject10/Subject10_Aufnahme084.csv,X
Subject10,Subject10/Subject10_Aufnahme085.csv,X
Subject10,Subject10/Subject10_Aufnahme086.csv,X
Subject10,Subject10/Subject10_Aufnahme087.csv,X
Subject10,Subject10/Subject10_Aufnahme088.csv,X
Subject10,Subject10/Subject10_Aufnahme089.csv,X
Subject10,Subject10/Subject10_Aufnahme090.csv,X
Subject10,Subject10/Subject10_Aufnahme091.csv,X
Subject10,Subject10/Subject10_Aufnahme092.csv,X
Subject10,Subject10/Subject10_Aufnahme093.csv,X
Subject10,Subject10/Subject10_Aufnahme094.csv,X
Subject10,Subject10/Subject10_Aufnahme095.csv,X
Subject10,Subject10/Subject10_Aufnahme096.csv,X
Subject10,Subject10/Subject10_Aufnahme097.csv,X
Subject10,Subject10/Subject10_Aufnahme098.csv,X
Subject10,Subject10/Subject10_Aufnahme099.csv,X
Subject10,Subject10/Subject10_Aufnahme100.csv,X
Subject10,Subject10/Subject10_Aufnahme101.csv,X
Subject10,Subject10/Subject10_Aufnahme102.csv,X
Subject10,Subject10/Subject10_Aufnahme103.csv,X
Subject10,Subject10/Subject10_Aufnahme104.csv,X
Subject10,Subject10/Subject10_Aufnahme105.csv,X
Subject10,Subject10/Subject10_Aufnahme106.csv,X
Subject10,Subject10/Subject10_Aufnahme107.csv,X
Subject10,Subject10/Subject10_Aufnahme108.csv,X
Subject10,Subject10/Subject10_Aufnahme109.csv,X
Subject10,Subject10/Subject10_Aufnahme110.csv,X
Subject10,Subject10/Subject10_Aufnahme111.csv,X
Subject10,Subject10/Subject10_Aufnahme112.csv,X
Subject10,Subject10/Subject10_Aufnahme113.csv,X
Subject10,Subject10/Subject10_Aufnahme114.csv,X
Subject10,Subject10/Subject10_Aufnahme115.csv,X
Subject10,Subject10/Subject10_Aufnahme116.csv,X
Subject10,Subject10/Subject10_Aufnahme117.csv,X
Subject10,Subject10/Subject10_Aufnahme118.csv,X
Subject10,Subject10/Subject10_Aufnahme119.csv,X
Subject10,Subject10/Subject10_Aufnahme120.csv,X
Subject10,Subject10/Subject10_Aufnahme121.csv,X
Subject10,Subject10/Subject10_Aufnahme122.csv,X
Subject10,Subject10/Subject10_Aufnahme123.csv,X
Subject10,Subject10/Subject10_Aufnahme124.csv,X
Subject10,Subject10/Subject10_Aufnahme125.csv,X
Subject10,Subject10/Subject10_Aufnahme126.csv,X
Subject10,Subject10/Subject10_Aufnahme127.csv,X
Subject10,Subject10/Subject10_Aufnahme128.csv,X
Subject10,Subject10/Subject10_Aufnahme129.csv,X
Subject10,Subject10/Subject10_Aufnahme130.csv,X
Subject10,Subject10/Subject10_Aufnahme131.csv,X
Subject10,Subject10/Subject10_Aufnahme132.csv,X
Subject10,Subject10/Subject10_Aufnahme133.csv,X
Subject10,Subject10/Subject10_Aufnahme134.csv,X
Subject10,Subject10/Subject10_Aufnahme135.csv,X
Subject10,Subject10/Subject10_Aufnahme136.csv,X
Subject10,Subject10/Subject10_Aufnahme137.csv,X
Subject10,Subject10/Subject10_Aufnahme138.csv,X
Subject10,Subject10/Subject10_Aufnahme139.csv,X
Subject10,Subject10/Subject10_Aufnahme140.csv,X
Subject10,Subject10/Subject10_Aufnahme141.csv,X
Subject10,Subject10/Subject10_Aufnahme142.csv,X
Subject10,Subject10/Subject10_Aufnahme143.csv,X
Subject10,Subject10/Subject10_Aufnahme144.csv,X
Subject10,Subject10/Subject10_Aufnahme145.csv,X
Subject10,Subject10/Subject10_Aufnahme146.csv,X
Subject10,Subject10/Subject10_Aufnahme147.csv,X
Subject10,Subject10/Subject10_Aufnahme148.csv,X
Subject10,Subject10/Subject10_Aufnahme149.csv,X
Subject10,Subject10/Subject10_Aufnahme150.csv,X
Subject10,Subject10/Subject10_Aufnahme151.csv,X
Subject10,Subject10/Subject10_Aufnahme152.csv,X
Subject10,Subject10/Subject10_Aufnahme153.csv,X
Subject10,Subject10/Subject10_Aufnahme154.csv,X
Subject10,Subject10/Subject10_Aufnahme155.csv,X
Subject10,Subject10/Subject10_Aufnahme156.csv,X
Subject10,Subject10/Subject10_Aufnahme157.csv,X
Subject10,Subject10/Subject10_Aufnahme158.csv,X
Subject10,Subject10/Subject10_Aufnahme159.csv,X
Subject10,Subject10/Subject10_Aufnahme160.csv,X
Subject10,Subject10/Subject10_Aufnahme161.csv,X
Subject10,Subject10/Subject10_Aufnahme162.csv,X
Subject10,Subject10/Subject10_Aufnahme163.csv,X
Subject10,Subject10/Subject10_Aufnahme164.csv,X
Subject10,Subject10/Subject10_Aufnahme165.csv,X
Subject10,Subject10/Subject10_Aufnahme166.csv,X
Subject10,Subject10/Subject10_Aufnahme167.csv,X
Subject10,Subject10/Subject10_Aufnahme168.csv,X
Subject10,Subject10/Subject10_Aufnahme169.csv,X
Subject10,Subject10/Subject10_Aufnahme170.csv,X
Subject10,Subject10/Subject10_Aufnahme171.csv,X
Subject10,Subject10/Subject10_Aufnahme172.csv,X
Subject10,Subject10/Subject10_Aufnahme173.csv,X
Subject10,Subject10/Subject10_Aufnahme174.csv,X
Subject10,Subject10/Subject10_Aufnahme175.csv,X
Subject10,Subject10/Subject10_Aufnahme176.csv,X
Subject10,Subject10/Subject10_Aufnahme177.csv,X
Subject10,Subject10/Subject10_Aufnahme178.csv,X
Subject10,Subject10/Subject10_Aufnahme179.csv,X
Subject10,Subject10/Subject10_Aufnahme180.csv,X
Subject10,Subject10/Subject10_Aufnahme181.csv,X
Subject10,Subject10/Subject10_Aufnahme182.csv,X
Subject10,Subject10/Subject10_Aufnahme183.csv,X
Subject10,Subject10/Subject10_Aufnahme184.csv,X
Subject10,Subject10/Subject10_Aufnahme185.csv,X
Subject10,Subject10/Subject10_Aufnahme186.csv,X
Subject10,Subject10/Subject10_Aufnahme187.csv,X
Subject10,Subject10/Subject10_Aufnahme188.csv,X
Subject10,Subject10/Subject10_Aufnahme189.csv,X
Subject10,Subject10/Subject10_Aufnahme190.csv,X
Subject10,Subject10/Subject10_Aufnahme191.csv,X
Subject10,Subject10/Subject10_Aufnahme192.csv,X
Subject10,Subject10/Subject10_Aufnahme193.csv,X
Subject10,Subject10/Subject10_Aufnahme194.csv,X
Subject10,Subject10/Subject10_Aufnahme195.csv,X
Subject10,Subject10/Subject10_Aufnahme196.csv,X
Subject10,Subject10/Subject10_Aufnahme197.csv,X
Subject10,Subject10/Subject10_Aufnahme198.csv,X
Subject10,Subject10/Subject10_Aufnahme199.csv,X
Subject10,Subject10/Subject10_Aufnahme200.csv,X
Subject10,Subject10/Subject10_Aufnahme201.csv,X
Subject10,Subject10/Subject10_Aufnahme202.csv,X
Subject10,Subject10/Subject10_Aufnahme203.csv,X
Subject10,Subject10/Subject10_Aufnahme204.csv,X
Subject10,Subject10/Subject10_Aufnahme205.csv,X
Subject10,Subject10/Subject10_Aufnahme206.csv,X
Subject10,Subject10/Subject10_Aufnahme207.csv,X
Subject10,Subject10/Subject10_Aufnahme208.csv,X
Subject10,Subject10/Subject10_Aufnahme209.csv,X
Subject10,Subject10/Subject10_Aufnahme210.csv,X
Subject10,Subject10/Subject10_Aufnahme211.csv,X
Subject10,Subject10/Subject10_Aufnahme212.csv,X
Subject10,Subject10/Subject10_Aufnahme213.csv,X
Subject10,Subject10/Subject10_Aufnahme214.csv,X
Subject10,Subject10/Subject10_Aufnahme215.csv,X
Subject10,Subject10/Subject10_Aufnahme216.csv,X
Subject10,Subject10/Subject10_Aufnahme217.csv,X
Subject10,Subject10/Subject10_Aufnahme218.csv,X
Subject10,Subject10/Subject10_Aufnahme219.csv,X
Subject10,Subject10/Subject10_Aufnahme220.csv,X
Subject10,Subject10/Subject10_Aufnahme221.csv,X
Subject10,Subject10/Subject10_Aufnahme222.csv,X
Subject10,Subject10/Subject10_Aufnahme223.csv,X
Subject10,Subject10/Subject10_Aufnahme224.csv,X
Subject10,Subject10/Subject10_Aufnahme225.csv,X
Subject10,Subject10/Subject10_Aufnahme226.csv,X
Subject10,Subject10/Subject10_Aufnahme227.csv,X
Subject10,Subject10/Subject10_Aufnahme228.csv,X
Subject10,Subject10/Subject10_Aufnahme229.csv,X
Subject10,Subject10/Subject10_Aufnahme230.csv,X
Subject10,Subject10/Subject10_Aufnahme231.csv,X
Subject10,Subject10/Subject10_Aufnahme232.csv,X
Subject10,Subject10/Subject10_Aufnahme233.csv,X
Subject10,Subject10/Subject10_Aufnahme234.csv,X
Subject10,Subject10/Subject10_Aufnahme235.csv,X
Subject10,Subject10/Subject10_Aufnahme236.csv,X
Subject10,Subject10/Subject10_Aufnahme237.csv,X
Subject10,Subject10/Subject10_Aufnahme238.csv,X
Subject10,Subject10/Subject10_Aufnahme239.csv,X
Subject10,Subject10/Subject10_Aufnahme240.csv,X
Subject10,Subject10/Subject10_Aufnahme241.csv,X
Subject10,Subject10/Subject10_Aufnahme242.csv,X
Subject10,Subject10/Subject10_Aufnahme243.csv,X
Subject10,Subject10/Subject10_Aufnahme244.csv,X
Subject10,Subject10/Subject10_Aufnahme245.csv,X
Subject10,Subject10/Subject10_Aufnahme246.csv,X
Subject10,Subject10/Subject10_Aufnahme247.csv,X
Subject10,Subject10/Subject10_Aufnahme248.csv,X
Subject10,Subject10/Subject10_Aufnahme249.csv,X
Subject10,Subject10/Subject10_Aufnahme250.csv,X
Subject10,Subject10/Subject10_Aufnahme251.csv,X
Subject10,Subject10/Subject10_Aufnahme252.csv,X
Subject10,Subject10/Subject10_Aufnahme253.csv,X
Subject10,Subject10/Subject10_Aufnahme254.csv,X
Subject10,Subject10/Subject10_Aufnahme255.csv,X
Subject10,Subject10/Subject10_Aufnahme256.csv,X
Subject10,Subject10/Subject10_Aufnahme257.csv,X
Subject10,Subject10/Subject10_Aufnahme258.csv,X
Subject10,Subject10/Subject10_Aufnahme259.csv,X
Subject10,Subject10/Subject10_Aufnahme260.csv,X
Subject10,Subject10/Subject10_Aufnahme261.csv,X
Subject10,Subject10/Subject10_Aufnahme262.csv,X
Subject10,Subject10/Subject10_Aufnahme263.csv,X
Subject10,Subject10/Subject10_Aufnahme264.csv,X
Subject10,Subject10/Subject10_Aufnahme265.csv,X
Subject10,Subject10/Subject10_Aufnahme266.csv,X
Subject10,Subject10/Subject10_Aufnahme267.csv,X
Subject10,Subject10/Subject10_Aufnahme268.csv,X
Subject10,Subject10/Subject10_Aufnahme269.csv,X
Subject10,Subject10/Subject10_Aufnahme270.csv,X
Subject10,Subject10/Subject10_Aufnahme271.csv,X
Subject10,Subject10/Subject10_Aufnahme272.csv,X
Subject10,Subject10/Subject10_Aufnahme273.csv,X
Subject10,Subject10/Subject10_Aufnahme274.csv,X
Subject10,Subject10/Subject10_Aufnahme275.csv,X
Subject10,Subject10/Subject10_Aufnahme276.csv,X
Subject10,Subject10/Subject10_Aufnahme277.csv,X
Subject10,Subject10/Subject10_Aufnahme278.csv,X
Subject10,Subject10/Subject10_Aufnahme279.csv,X
Subject10,Subject10/Subject10_Aufnahme280.csv,X
Subject10,Subject10/Subject10_Aufnahme281.csv,X
Subject10,Subject10/Subject10_Aufnahme282.csv,X
Subject10,Subject10/Subject10_Aufnahme283.csv,X
Subject10,Subject10/Subject10_Aufnahme284.csv,X
Subject10,Subject10/Subject10_Aufnahme285.csv,X
Subject10,Subject10/Subject10_Aufnahme286.csv,X
Subject10,Subject10/Subject10_Aufnahme287.csv,X
Subject10,Subject10/Subject10_Aufnahme288.csv,X
Subject10,Subject10/Subject10_Aufnahme289.csv,X
Subject10,Subject10/Subject10_Aufnahme290.csv,X
Subject10,Subject10/Subject10_Aufnahme291.csv,X
Subject10,Subject10/Subject10_Aufnahme292.csv,X
Subject10,Subject10/Subject10_Aufnahme293.csv,X
Subject10,Subject10/Subject10_Aufnahme294.csv,X
Subject10,Subject10/Subject10_Aufnahme295.csv,X
Subject10,Subject10/Subject10_Aufnahme296.csv,X
Subject10,Subject10/Subject10_Aufnahme297.csv,X
Subject10,Subject10/Subject10_Aufnahme298.csv,X
Subject10,Subject10/Subject10_Aufnahme299.csv,X
Subject10,Subject10/Subject10_Aufnahme300.csv,X
Subject10,Subject10/Subject10_Aufnahme301.csv,X
Subject10,Subject10/Subject10_Aufnahme302.csv,X
Subject10,Subject10/Subject10_Aufnahme303.csv,X
Subject10,Subject10/Subject10_Aufnahme304.csv,X
Subject10,Subject10/Subject10_Aufnahme305.csv,X
Subject10,Subject10/Subject10_Aufnahme306.csv,X
Subject10,Subject10/Subject10_Aufnahme307.csv,X
Subject10,Subject10/Subject10_Aufnahme308.csv,X
Subject10,Subject10/Subject10_Aufnahme309.csv,X
Subject10,Subject10/Subject10_Aufnahme310.csv,X
Subject10,Subject10/Subject10_Aufnahme311.csv,X
Subject10,Subject10/Subject10_Aufnahme312.csv,X
Subject10,Subject10/Subject10_Aufnahme313.csv,X
Subject10,Subject10/Subject10_Aufnahme314.csv,X
Subject10,Subject10/Subject10_Aufnahme315.csv,X
Subject10,Subject10/Subject10_Aufnahme316.csv,X
Subject10,Subject10/Subject10_Aufnahme317.csv,X
Subject10,Subject10/Subject10_Aufnahme318.csv,X
Subject10,Subject10/Subject10_Aufnahme319.csv,X
Subject10,Subject10/Subject10_Aufnahme320.csv,X
Subject10,Subject10/Subject10_Aufnahme321.csv,X
Subject10,Subject10/Subject10_Aufnahme322.csv,X
Subject10,Subject10/Subject10_Aufnahme323.csv,X
Subject10,Subject10/Subject10_Aufnahme324.csv,X
Subject10,Subject10/Subject10_Aufnahme325.csv,X
Subject10,Subject10/Subject10_Aufnahme326.csv,X
Subject10,Subject10/Subject10_Aufnahme327.csv,X
Subject10,Subject10/Subject10_Aufnahme328.csv,X
Subject10,Subject10/Subject10_Aufnahme329.csv,X
Subject10,Subject10/Subject10_Aufnahme330.csv,X
Subject10,Subject10/Subject10_Aufnahme331.csv,X
Subject10,Subject10/Subject10_Aufnahme332.csv,X
Subject10,Subject10/Subject10_Aufnahme333.csv,X
Subject10,Subject10/Subject10_Aufnahme334.csv,X
Subject10,Subject10/Subject10_Aufnahme335.csv,X
Subject10,Subject10/Subject10_Aufnahme336.csv,X
Subject10,Subject10/Subject10_Aufnahme337.csv,X
Subject10,Subject10/Subject10_Aufnahme338.csv,X
Subject10,Subject10/Subject10_Aufnahme339.csv,X
Subject10,Subject10/Subject10_Aufnahme340.csv,X
Subject10,Subject10/Subject10_Aufnahme341.csv,X
Subject10,Subject10/Subject10_Aufnahme342.csv,X
Subject10,Subject10/Subject10_Aufnahme343.csv,X
Subject10,Subject10/Subject10_Aufnahme344.csv,X
Subject10,Subject10/Subject10_Aufnahme345.csv,X
Subject10,Subject10/Subject10_Aufnahme346.csv,X
Subject10,Subject10/Subject10_Aufnahme347.csv,X
Subject10,Subject10/Subject10_Aufnahme348.csv,X
Subject10,Subject10/Subject10_Aufnahme349.csv,X
Subject10,Subject10/Subject10_Aufnahme350.csv,X
Subject10,Subject10/Subject10_Aufnahme351.csv,X
Subject10,Subject10/Subject10_Aufnahme352.csv,X
Subject10,Subject10/Subject10_Aufnahme353.csv,X
Subject10,Subject10/Subject10_Aufnahme354.csv,X
Subject10,Subject10/Subject10_Aufnahme355.csv,X
Subject10,Subject10/Subject10_Aufnahme356.csv,X
Subject10,Subject10/Subject10_Aufnahme357.csv,X
Subject10,Subject10/Subject10_Aufnahme358.csv,X
Subject10,Subject10/Subject10_Aufnahme359.csv,X
Subject10,Subject10/Subject10_Aufnahme360.csv,X
Subject10,Subject10/Subject10_Aufnahme361.csv,X
Subject10,Subject10/Subject10_Aufnahme362.csv,X
Subject10,Subject10/Subject10_Aufnahme363.csv,X
Subject10,Subject10/Subject10_Aufnahme364.csv,X
Subject10,Subject10/Subject10_Aufnahme365.csv,X
Subject10,Subject10/Subject10_Aufnahme366.csv,X
Subject10,Subject10/Subject10_Aufnahme367.csv,X
Subject10,Subject10/Subject10_Aufnahme368.csv,X
Subject10,Subject10/Subject10_Aufnahme369.csv,X
Subject10,Subject10/Subject10_Aufnahme370.csv,X
Subject10,Subject10/Subject10_Aufnahme371.csv,X
Subject10,Subject10/Subject10_Aufnahme372.csv,X
Subject10,Subject10/Subject10_Aufnahme373.csv,X
Subject10,Subject10/Subject10_Aufnahme374.csv,X
Subject10,Subject10/Subject10_Aufnahme375.csv,X
Subject10,Subject10/Subject10_Aufnahme376.csv,X
Subject10,Subject10/Subject10_Aufnahme377.csv,X
Subject10,Subject10/Subject10_Aufnahme378.csv,X
Subject10,Subject10/Subject10_Aufnahme379.csv,X
Subject10,Subject10/Subject10_Aufnahme380.csv,X
Subject10,Subject10/Subject10_Aufnahme381.csv,X
Subject10,Subject10/Subject10_Aufnahme382.csv,X
Subject10,Subject10/Subject10_Aufnahme383.csv,X
Subject10,Subject10/Subject10_Aufnahme384.csv,X
Subject10,Subject10/Subject10_Aufnahme385.csv,X
Subject10,Subject10/Subject10_Aufnahme386.csv,X
Subject10,Subject10/Subject10_Aufnahme387.csv,X
Subject10,Subject10/Subject10_Aufnahme388.csv,X
Subject10,Subject10/Subject10_Aufnahme389.csv,X
Subject10,Subject10/Subject10_Aufnahme390.csv,X
Subject10,Subject10/Subject10_Aufnahme391.csv,X
Subject10,Subject10/Subject10_Aufnahme392.csv,X
Subject10,Subject10/Subject10_Aufnahme393.csv,X
Subject10,Subject10/Subject10_Aufnahme394.csv,X
Subject10,Subject10/Subject10_Aufnahme395.csv,X
Subject10,Subject10/Subject10_Aufnahme396.csv,X
Subject10,Subject10/Subject10_Aufnahme397.csv,X
Subject10,Subject10/Subject10_Aufnahme398.csv,X
Subject10,Subject10/Subject10_Aufnahme399.csv,X
Subject10,Subject10/Subject10_Aufnahme400.csv,X
Subject10,Subject10/Subject10_Aufnahme401.csv,X
Subject10,Subject10/Subject10_Aufnahme402.csv,X
Subject10,Subject10/Subject10_Aufnahme403.csv,X
Subject10,Subject10/Subject10_Aufnahme404.csv,X
Subject10,Subject10/Subject10_Aufnahme405.csv,X
Subject10,Subject10/Subject10_Aufnahme406.csv,X
Subject10,Subject10/Subject10_Aufnahme407.csv,X
Subject10,Subject10/Subject10_Aufnahme408.csv,X
Subject10,Subject10/Subject10_Aufnahme409.csv,X
Subject10,Subject10/Subject10_Aufnahme410.csv,X
Subject10,Subject10/Subject10_Aufnahme411.csv,X
Subject10,Subject10/Subject10_Aufnahme412.csv,X
Subject10,Subject10/Subject10_Aufnahme413.csv,X
Subject10,Subject10/Subject10_Aufnahme414.csv,X
Subject10,Subject10/Subject10_Aufnahme415.csv,X
Subject10,Subject10/Subject10_Aufnahme416.csv,X
Subject10,Subject10/Subject10_Aufnahme417.csv,X
Subject14,Subject14/Subject14_Aufnahme000.csv,X
Subject14,Subject14/Subject14_Aufnahme001.csv,X
Subject14,Subject14/Subject14_Aufnahme002.csv,X
Subject14,Subject14/Subject14_Aufnahme003.csv,X
Subject14,Subject14/Subject14_Aufnahme004.csv,X
Subject14,Subject14/Subject14_Aufnahme005.csv,X
Subject14,Subject14/Subject14_Aufnahme006.csv,X
Subject14,Subject14/Subject14_Aufnahme007.csv,X
Subject14,Subject14/Subject14_Aufnahme008.csv,X
Subject14,Subject14/Subject14_Aufnahme009.csv,X
Subject14,Subject14/Subject14_Aufnahme010.csv,X
Subject14,Subject14/Subject14_Aufnahme011.csv,X
Subject14,Subject14/Subject14_Aufnahme012.csv,X
Subject14,Subject14/Subject14_Aufnahme013.csv,X
Subject14,Subject14/Subject14_Aufnahme014.csv,X
Subject14,Subject14/Subject14_Aufnahme015.csv,X
Subject14,Subject14/Subject14_Aufnahme016.csv,X
Subject14,Subject14/Subject14_Aufnahme017.csv,X
Subject14,Subject14/Subject14_Aufnahme018.csv,X
Subject14,Subject14/Subject14_Aufnahme019.csv,X
Subject14,Subject14/Subject14_Aufnahme020.csv,X
Subject14,Subject14/Subject14_Aufnahme021.csv,X
Subject14,Subject14/Subject14_Aufnahme022.csv,X
Subject14,Subject14/Subject14_Aufnahme023.csv,X
Subject14,Subject14/Subject14_Aufnahme024.csv,X
Subject14,Subject14/Subject14_Aufnahme025.csv,X
Subject14,Subject14/Subject14_Aufnahme026.csv,X
Subject14,Subject14/Subject14_Aufnahme027.csv,X
Subject14,Subject14/Subject14_Aufnahme028.csv,X
Subject14,Subject14/Subject14_Aufnahme029.csv,X
Subject14,Subject14/Subject14_Aufnahme030.csv,X
Subject14,Subject14/Subject14_Aufnahme031.csv,X
Subject14,Subject14/Subject14_Aufnahme032.csv,X
Subject14,Subject14/Subject14_Aufnahme033.csv,X
Subject14,Subject14/Subject14_Aufnahme034.csv,X
Subject14,Subject14/Subject14_Aufnahme035.csv,X
Subject14,Subject14/Subject14_Aufnahme036.csv,X
Subject14,Subject14/Subject14_Aufnahme037.csv,X
Subject14,Subject14/Subject14_Aufnahme038.csv,X
Subject14,Subject14/Subject14_Aufnahme039.csv,X
Subject14,Subject14/Subject14_Aufnahme040.csv,X
Subject14,Subject14/Subject14_Aufnahme041.csv,X
Subject14,Subject14/Subject14_Aufnahme042.csv,X
Subject14,Subject14/Subject14_Aufnahme043.csv,X
Subject14,Subject14/Subject14_Aufnahme044.csv,X
Subject14,Subject14/Subject14_Aufnahme045.csv,X
Subject14,Subject14/Subject14_Aufnahme046.csv,X
Subject14,Subject14/Subject14_Aufnahme047.csv,X
Subject14,Subject14/Subject14_Aufnahme048.csv,X
Subject14,Subject14/Subject14_Aufnahme049.csv,X
Subject14,Subject14/Subject14_Aufnahme050.csv,X
Subject14,Subject14/Subject14_Aufnahme051.csv,X
Subject14,Subject14/Subject14_Aufnahme052.csv,X
Subject14,Subject14/Subject14_Aufnahme053.csv,X
Subject14,Subject14/Subject14_Aufnahme054.csv,X
Subject14,Subject14/Subject14_Aufnahme055.csv,X
Subject14,Subject14/Subject14_Aufnahme056.csv,X
Subject14,Subject14/Subject14_Aufnahme057.csv,X
Subject14,Subject14/Subject14_Aufnahme058.csv,X
Subject14,Subject14/Subject14_Aufnahme059.csv,X
Subject14,Subject14/Subject14_Aufnahme060.csv,X
Subject14,Subject14/Subject14_Aufnahme061.csv,X
Subject14,Subject14/Subject14_Aufnahme062.csv,X
Subject14,Subject14/Subject14_Aufnahme063.csv,X
Subject14,Subject14/Subject14_Aufnahme064.csv,X
Subject14,Subject14/Subject14_Aufnahme065.csv,X
Subject14,Subject14/Subject14_Aufnahme066.csv,X
Subject14,Subject14/Subject14_Aufnahme067.csv,X
Subject14,Subject14/Subject14_Aufnahme068.csv,X
Subject14,Subject14/Subject14_Aufnahme069.csv,X
Subject14,Subject14/Subject14_Aufnahme070.csv,X
Subject14,Subject14/Subject14_Aufnahme071.csv,X
Subject14,Subject14/Subject14_Aufnahme072.csv,X
Subject14,Subject14/Subject14_Aufnahme073.csv,X
Subject14,Subject14/Subject14_Aufnahme074.csv,X
Subject14,Subject14/Subject14_Aufnahme075.csv,X
Subject14,Subject14/Subject14_Aufnahme076.csv,X
Subject14,Subject14/Subject14_Aufnahme077.csv,X
Subject14,Subject14/Subject14_Aufnahme078.csv,X
Subject14,Subject14/Subject14_Aufnahme079.csv,X
Subject14,Subject14/Subject14_Aufnahme080.csv,X
Subject14,Subject14/Subject14_Aufnahme081.csv,X
Subject14,Subject14/Subject14_Aufnahme082.csv,X
Subject14,Subject14/Subject14_Aufnahme083.csv,X
Subject14,Subject14/Subject14_Aufnahme084.csv,X
Subject14,Subject14/Subject14_Aufnahme085.csv,X
Subject14,Subject14/Subject14_Aufnahme086.csv,X
Subject14,Subject14/Subject14_Aufnahme087.csv,X
Subject14,Subject14/Subject14_Aufnahme088.csv,X
Subject14,Subject14/Subject14_Aufnahme089.csv,X
Subject14,Subject14/Subject14_Aufnahme090.csv,X
Subject14,Subject14/Subject14_Aufnahme091.csv,X
Subject14,Subject14/Subject14_Aufnahme092.csv,X
Subject14,Subject14/Subject14_Aufnahme093.csv,X
Subject14,Subject14/Subject14_Aufnahme094.csv,X
Subject14,Subject14/Subject14_Aufnahme095.csv,X
Subject14,Subject14/Subject14_Aufnahme096.csv,X
Subject14,Subject14/Subject14_Aufnahme097.csv,X
Subject14,Subject14/Subject14_Aufnahme098.csv,X
Subject14,Subject14/Subject14_Aufnahme099.csv,X
Subject14,Subject14/Subject14_Aufnahme100.csv,X
Subject14,Subject14/Subject14_Aufnahme101.csv,X
Subject14,Subject14/Subject14_Aufnahme102.csv,X
Subject14,Subject14/Subject14_Aufnahme103.csv,X
Subject14,Subject14/Subject14_Aufnahme104.csv,X
Subject14,Subject14/Subject14_Aufnahme105.csv,X
Subject14,Subject14/Subject14_Aufnahme106.csv,X
Subject14,Subject14/Subject14_Aufnahme107.csv,X
Subject14,Subject14/Subject14_Aufnahme108.csv,X
Subject14,Subject14/Subject14_Aufnahme109.csv,X
Subject14,Subject14/Subject14_Aufnahme110.csv,X
Subject14,Subject14/Subject14_Aufnahme111.csv,X
Subject14,Subject14/Subject14_Aufnahme112.csv,X
Subject14,Subject14/Subject14_Aufnahme113.csv,X
Subject14,Subject14/Subject14_Aufnahme114.csv,X
Subject14,Subject14/Subject14_Aufnahme115.csv,X
Subject14,Subject14/Subject14_Aufnahme116.csv,X
Subject14,Subject14/Subject14_Aufnahme117.csv,X
Subject14,Subject14/Subject14_Aufnahme118.csv,X
Subject14,Subject14/Subject14_Aufnahme119.csv,X
Subject14,Subject14/Subject14_Aufnahme120.csv,X
Subject14,Subject14/Subject14_Aufnahme121.csv,X
Subject14,Subject14/Subject14_Aufnahme122.csv,X
Subject14,Subject14/Subject14_Aufnahme123.csv,X
Subject14,Subject14/Subject14_Aufnahme124.csv,X
Subject14,Subject14/Subject14_Aufnahme125.csv,X
Subject14,Subject14/Subject14_Aufnahme126.csv,X
Subject14,Subject14/Subject14_Aufnahme127.csv,X
Subject14,Subject14/Subject14_Aufnahme128.csv,X
Subject14,Subject14/Subject14_Aufnahme129.csv,X
Subject14,Subject14/Subject14_Aufnahme130.csv,X
Subject14,Subject14/Subject14_Aufnahme131.csv,X
Subject14,Subject14/Subject14_Aufnahme132.csv,X
Subject14,Subject14/Subject14_Aufnahme133.csv,X
Subject14,Subject14/Subject14_Aufnahme134.csv,X
Subject14,Subject14/Subject14_Aufnahme135.csv,X
Subject14,Subject14/Subject14_Aufnahme136.csv,X
Subject14,Subject14/Subject14_Aufnahme137.csv,X
Subject14,Subject14/Subject14_Aufnahme138.csv,X
Subject14,Subject14/Subject14_Aufnahme139.csv,X
Subject14,Subject14/Subject14_Aufnahme140.csv,X
Subject14,Subject14/Subject14_Aufnahme141.csv,X
Subject14,Subject14/Subject14_Aufnahme142.csv,X
Subject14,Subject14/Subject14_Aufnahme143.csv,X
Subject14,Subject14/Subject14_Aufnahme144.csv,X
Subject14,Subject14/Subject14_Aufnahme145.csv,X
Subject14,Subject14/Subject14_Aufnahme146.csv,X
Subject14,Subject14/Subject14_Aufnahme147.csv,X
Subject14,Subject14/Subject14_Aufnahme148.csv,X
Subject14,Subject14/Subject14_Aufnahme149.csv,X
Subject14,Subject14/Subject14_Aufnahme150.csv,X
Subject14,Subject14/Subject14_Aufnahme151.csv,X
Subject14,Subject14/Subject14_Aufnahme152.csv,X
Subject14,Subject14/Subject14_Aufnahme153.csv,X
Subject14,Subject14/Subject14_Aufnahme154.csv,X
Subject14,Subject14/Subject14_Aufnahme155.csv,X
Subject14,Subject14/Subject14_Aufnahme156.csv,X
Subject14,Subject14/Subject14_Aufnahme157.csv,X
Subject14,Subject14/Subject14_Aufnahme158.csv,X
Subject14,Subject14/Subject14_Aufnahme159.csv,X
Subject14,Subject14/Subject14_Aufnahme160.csv,X
Subject14,Subject14/Subject14_Aufnahme161.csv,X
Subject14,Subject14/Subject14_Aufnahme162.csv,X
Subject14,Subject14/Subject14_Aufnahme163.csv,X
Subject14,Subject14/Subject14_Aufnahme164.csv,X
Subject14,Subject14/Subject14_Aufnahme165.csv,X
Subject14,Subject14/Subject14_Aufnahme166.csv,X
Subject14,Subject14/Subject14_Aufnahme167.csv,X
Subject14,Subject14/Subject14_Aufnahme168.csv,X
Subject14,Subject14/Subject14_Aufnahme169.csv,X
Subject14,Subject14/Subject14_Aufnahme170.csv,X
Subject14,Subject14/Subject14_Aufnahme171.csv,X
Subject14,Subject14/Subject14_Aufnahme172.csv,X
Subject14,Subject14/Subject14_Aufnahme173.csv,X
Subject14,Subject14/Subject14_Aufnahme174.csv,X
Subject14,Subject14/Subject14_Aufnahme175.csv,X
Subject14,Subject14/Subject14_Aufnahme176.csv,X
Subject14,Subject14/Subject14_Aufnahme177.csv,X
Subject14,Subject14/Subject14_Aufnahme178.csv,X
Subject14,Subject14/Subject14_Aufnahme179.csv,X
Subject14,Subject14/Subject14_Aufnahme180.csv,X
Subject14,Subject14/Subject14_Aufnahme181.csv,X
Subject14,Subject14/Subject14_Aufnahme182.csv,X
Subject14,Subject14/Subject14_Aufnahme183.csv,X
Subject14,Subject14/Subject14_Aufnahme184.csv,X
Subject14,Subject14/Subject14_Aufnahme185.csv,X
Subject14,Subject14/Subject14_Aufnahme186.csv,X
Subject14,Subject14/Subject14_Aufnahme187.csv,X
Subject14,Subject14/Subject14_Aufnahme188.csv,X
Subject14,Subject14/Subject14_Aufnahme189.csv,X
Subject14,Subject14/Subject14_Aufnahme190.csv,X
Subject14,Subject14/Subject14_Aufnahme191.csv,X
Subject14,Subject14/Subject14_Aufnahme192.csv,X
Subject14,Subject14/Subject14_Aufnahme193.csv,X
Subject14,Subject14/Subject14_Aufnahme194.csv,X
Subject14,Subject14/Subject14_Aufnahme195.csv,X
Subject14,Subject14/Subject14_Aufnahme196.csv,X
Subject14,Subject14/Subject14_Aufnahme197.csv,X
Subject14,Subject14/Subject14_Aufnahme198.csv,X
Subject14,Subject14/Subject14_Aufnahme199.csv,X
Subject14,Subject14/Subject14_Aufnahme200.csv,X
Subject14,Subject14/Subject14_Aufnahme201.csv,X
Subject14,Subject14/Subject14_Aufnahme202.csv,X
Subject14,Subject14/Subject14_Aufnahme203.csv,X
Subject14,Subject14/Subject14_Aufnahme204.csv,X
Subject14,Subject14/Subject14_Aufnahme205.csv,X
Subject14,Subject14/Subject14_Aufnahme206.csv,X
Subject14,Subject14/Subject14_Aufnahme207.csv,X
Subject14,Subject14/Subject14_Aufnahme208.csv,X
Subject14,Subject14/Subject14_Aufnahme209.csv,X
Subject14,Subject14/Subject14_Aufnahme210.csv,X
Subject14,Subject14/Subject14_Aufnahme211.csv,X
Subject14,Subject14/Subject14_Aufnahme212.csv,X
Subject14,Subject14/Subject14_Aufnahme213.csv,X
Subject14,Subject14/Subject14_Aufnahme214.csv,X
Subject14,Subject14/Subject14_Aufnahme215.csv,X
Subject14,Subject14/Subject14_Aufnahme216.csv,X
Subject14,Subject14/Subject14_Aufnahme217.csv,X
Subject14,Subject14/Subject14_Aufnahme218.csv,X
Subject14,Subject14/Subject14_Aufnahme219.csv,X
Subject14,Subject14/Subject14_Aufnahme220.csv,X
Subject14,Subject14/Subject14_Aufnahme221.csv,X
Subject14,Subject14/Subject14_Aufnahme222.csv,X
Subject14,Subject14/Subject14_Aufnahme223.csv,X
Subject14,Subject14/Subject14_Aufnahme224.csv,X
Subject14,Subject14/Subject14_Aufnahme225.csv,X
Subject14,Subject14/Subject14_Aufnahme226.csv,X
Subject14,Subject14/Subject14_Aufnahme227.csv,X
Subject14,Subject14/Subject14_Aufnahme228.csv,X
Subject14,Subject14/Subject14_Aufnahme229.csv,X
Subject14,Subject14/Subject14_Aufnahme230.csv,X
Subject14,Subject14/Subject14_Aufnahme231.csv,X
Subject14,Subject14/Subject14_Aufnahme232.csv,X
Subject14,Subject14/Subject14_Aufnahme233.csv,X
Subject14,Subject14/Subject14_Aufnahme234.csv,X
Subject14,Subject14/Subject14_Aufnahme235.csv,X
Subject14,Subject14/Subject14_Aufnahme236.csv,X
Subject14,Subject14/Subject14_Aufnahme237.csv,X
Subject14,Subject14/Subject14_Aufnahme238.csv,X
Subject14,Subject14/Subject14_Aufnahme239.csv,X
Subject14,Subject14/Subject14_Aufnahme240.csv,X
Subject14,Subject14/Subject14_Aufnahme241.csv,X
Subject14,Subject14/Subject14_Aufnahme242.csv,X
Subject14,Subject14/Subject14_Aufnahme243.csv,X
Subject14,Subject14/Subject14_Aufnahme244.csv,X
Subject14,Subject14/Subject14_Aufnahme245.csv,X
Subject14,Subject14/Subject14_Aufnahme246.csv,X
Subject14,Subject14/Subject14_Aufnahme247.csv,X
Subject14,Subject14/Subject14_Aufnahme248.csv,X
Subject14,Subject14/Subject14_Aufnahme249.csv,X
Subject14,Subject14/Subject14_Aufnahme250.csv,X
Subject14,Subject14/Subject14_Aufnahme251.csv,X
Subject14,Subject14/Subject14_Aufnahme252.csv,X
Subject14,Subject14/Subject14_Aufnahme253.csv,X
Subject14,Subject14/Subject14_Aufnahme254.csv,X
Subject14,Subject14/Subject14_Aufnahme255.csv,X
Subject14,Subject14/Subject14_Aufnahme256.csv,X
Subject14,Subject14/Subject14_Aufnahme257.csv,X
Subject14,Subject14/Subject14_Aufnahme258.csv,X
Subject14,Subject14/Subject14_Aufnahme259.csv,X
Subject14,Subject14/Subject14_Aufnahme260.csv,X
Subject14,Subject14/Subject14_Aufnahme261.csv,X
Subject14,Subject14/Subject14_Aufnahme262.csv,X
Subject14,Subject14/Subject14_Aufnahme263.csv,X
Subject14,Subject14/Subject14_Aufnahme264.csv,X
Subject14,Subject14/Subject14_Aufnahme265.csv,X
Subject14,Subject14/Subject14_Aufnahme266.csv,X
Subject14,Subject14/Subject14_Aufnahme267.csv,X
Subject14,Subject14/Subject14_Aufnahme268.csv,X
Subject14,Subject14/Subject14_Aufnahme269.csv,X
Subject14,Subject14/Subject14_Aufnahme270.csv,X
Subject14,Subject14/Subject14_Aufnahme271.csv,X
Subject14,Subject14/Subject14_Aufnahme272.csv,X
Subject14,Subject14/Subject14_Aufnahme273.csv,X
Subject14,Subject14/Subject14_Aufnahme274.csv,X
Subject14,Subject14/Subject14_Aufnahme275.csv,X
Subject14,Subject14/Subject14_Aufnahme276.csv,X
Subject14,Subject14/Subject14_Aufnahme277.csv,X
Subject14,Subject14/Subject14_Aufnahme278.csv,X
Subject14,Subject14/Subject14_Aufnahme279.csv,X
Subject14,Subject14/Subject14_Aufnahme280.csv,X
Subject14,Subject14/Subject14_Aufnahme281.csv,X
Subject14,Subject14/Subject14_Aufnahme282.csv,X
Subject14,Subject14/Subject14_Aufnahme283.csv,X
Subject14,Subject14/Subject14_Aufnahme284.csv,X
Subject14,Subject14/Subject14_Aufnahme285.csv,X
Subject14,Subject14/Subject14_Aufnahme286.csv,X
Subject14,Subject14/Subject14_Aufnahme287.csv,X
Subject14,Subject14/Subject14_Aufnahme288.csv,X
Subject14,Subject14/Subject14_Aufnahme289.csv,X
Subject14,Subject14/Subject14_Aufnahme290.csv,X
Subject14,Subject14/Subject14_Aufnahme291.csv,X
Subject14,Subject14/Subject14_Aufnahme292.csv,X
Subject14,Subject14/Subject14_Aufnahme293.csv,X
Subject14,Subject14/Subject14_Aufnahme294.csv,X
Subject14,Subject14/Subject14_Aufnahme295.csv,X
Subject14,Subject14/Subject14_Aufnahme296.csv,X
Subject14,Subject14/Subject14_Aufnahme297.csv,X
Subject14,Subject14/Subject14_Aufnahme298.csv,X
Subject14,Subject14/Subject14_Aufnahme299.csv,X
Subject14,Subject14/Subject14_Aufnahme300.csv,X
Subject14,Subject14/Subject14_Aufnahme301.csv,X
Subject14,Subject14/Subject14_Aufnahme302.csv,X
Subject14,Subject14/Subject14_Aufnahme303.csv,X
Subject14,Subject14/Subject14_Aufnahme304.csv,X
Subject14,Subject14/Subject14_Aufnahme305.csv,X
Subject14,Subject14/Subject14_Aufnahme306.csv,X
Subject14,Subject14/Subject14_Aufnahme307.csv,X
Subject14,Subject14/Subject14_Aufnahme308.csv,X
Subject14,Subject14/Subject14_Aufnahme309.csv,X
Subject14,Subject14/Subject14_Aufnahme310.csv,X
Subject14,Subject14/Subject14_Aufnahme311.csv,X
Subject14,Subject14/Subject14_Aufnahme312.csv,X
Subject14,Subject14/Subject14_Aufnahme313.csv,X
Subject14,Subject14/Subject14_Aufnahme314.csv,X
Subject14,Subject14/Subject14_Aufnahme315.csv,X
Subject14,Subject14/Subject14_Aufnahme316.csv,X
Subject14,Subject14/Subject14_Aufnahme317.csv,X
Subject14,Subject14/Subject14_Aufnahme318.csv,X
Subject14,Subject14/Subject14_Aufnahme319.csv,X
Subject14,Subject14/Subject14_Aufnahme320.csv,X
Subject14,Subject14/Subject14_Aufnahme321.csv,X
Subject14,Subject14/Subject14_Aufnahme322.csv,X
Subject14,Subject14/Subject14_Aufnahme323.csv,X
Subject14,Subject14/Subject14_Aufnahme324.csv,X
Subject14,Subject14/Subject14_Aufnahme325.csv,X
Subject14,Subject14/Subject14_Aufnahme326.csv,X
Subject14,Subject14/Subject14_Aufnahme327.csv,X
Subject14,Subject14/Subject14_Aufnahme328.csv,X
Subject14,Subject14/Subject14_Aufnahme329.csv,X
Subject14,Subject14/Subject14_Aufnahme330.csv,X
Subject14,Subject14/Subject14_Aufnahme331.csv,X
Subject14,Subject14/Subject14_Aufnahme332.csv,X
Subject14,Subject14/Subject14_Aufnahme333.csv,X
Subject14,Subject14/Subject14_Aufnahme334.csv,X
Subject14,Subject14/Subject14_Aufnahme335.csv,X
Subject14,Subject14/Subject14_Aufnahme336.csv,X
Subject14,Subject14/Subject14_Aufnahme337.csv,X
Subject14,Subject14/Subject14_Aufnahme338.csv,X
Subject14,Subject14/Subject14_Aufnahme339.csv,X
Subject14,Subject14/Subject14_Aufnahme340.csv,X
Subject14,Subject14/Subject14_Aufnahme341.csv,X
Subject14,Subject14/Subject14_Aufnahme342.csv,X
Subject14,Subject14/Subject14_Aufnahme343.csv,X
Subject14,Subject14/Subject14_Aufnahme344.csv,X
Subject14,Subject14/Subject14_Aufnahme345.csv,X
Subject14,Subject14/Subject14_Aufnahme346.csv,X
Subject14,Subject14/Subject14_Aufnahme347.csv,X
Subject14,Subject14/Subject14_Aufnahme348.csv,X
Subject14,Subject14/Subject14_Aufnahme349.csv,X
Subject14,Subject14/Subject14_Aufnahme350.csv,X
Subject14,Subject14/Subject14_Aufnahme351.csv,X
Subject14,Subject14/Subject14_Aufnahme352.csv,X
Subject14,Subject14/Subject14_Aufnahme353.csv,X
Subject14,Subject14/Subject14_Aufnahme354.csv,X
Subject14,Subject14/Subject14_Aufnahme355.csv,X
Subject14,Subject14/Subject14_Aufnahme356.csv,X
Subject14,Subject14/Subject14_Aufnahme357.csv,X
Subject14,Subject14/Subject14_Aufnahme358.csv,X
Subject14,Subject14/Subject14_Aufnahme359.csv,X
Subject14,Subject14/Subject14_Aufnahme360.csv,X
Subject14,Subject14/Subject14_Aufnahme361.csv,X
Subject14,Subject14/Subject14_Aufnahme362.csv,X
Subject14,Subject14/Subject14_Aufnahme363.csv,X
Subject14,Subject14/Subject14_Aufnahme364.csv,X
Subject14,Subject14/Subject14_Aufnahme365.csv,X
Subject14,Subject14/Subject14_Aufnahme366.csv,X
Subject14,Subject14/Subject14_Aufnahme367.csv,X
Subject14,Subject14/Subject14_Aufnahme368.csv,X
Subject14,Subject14/Subject14_Aufnahme369.csv,X
Subject14,Subject14/Subject14_Aufnahme370.csv,X
Subject14,Subject14/Subject14_Aufnahme371.csv,X
Subject14,Subject14/Subject14_Aufnahme372.csv,X
Subject14,Subject14/Subject14_Aufnahme373.csv,X
Subject14,Subject14/Subject14_Aufnahme374.csv,X
Subject14,Subject14/Subject14_Aufnahme375.csv,X
Subject14,Subject14/Subject14_Aufnahme376.csv,X
Subject14,Subject14/Subject14_Aufnahme377.csv,X
Subject14,Subject14/Subject14_Aufnahme378.csv,X
Subject14,Subject14/Subject14_Aufnahme379.csv,X
Subject14,Subject14/Subject14_Aufnahme380.csv,X
Subject14,Subject14/Subject14_Aufnahme381.csv,X
Subject14,Subject14/Subject14_Aufnahme382.csv,X
Subject14,Subject14/Subject14_Aufnahme383.csv,X
Subject14,Subject14/Subject14_Aufnahme384.csv,X
Subject14,Subject14/Subject14_Aufnahme385.csv,X
Subject14,Subject14/Subject14_Aufnahme386.csv,X
Subject14,Subject14/Subject14_Aufnahme387.csv,X
Subject14,Subject14/Subject14_Aufnahme388.csv,X
Subject14,Subject14/Subject14_Aufnahme389.csv,X
Subject14,Subject14/Subject14_Aufnahme390.csv,X
Subject14,Subject14/Subject14_Aufnahme391.csv,X
Subject14,Subject14/Subject14_Aufnahme392.csv,X
Subject14,Subject14/Subject14_Aufnahme393.csv,X
Subject14,Subject14/Subject14_Aufnahme394.csv,X
Subject14,Subject14/Subject14_Aufnahme395.csv,X
Subject14,Subject14/Subject14_Aufnahme396.csv,X
Subject14,Subject14/Subject14_Aufnahme397.csv,X
Subject14,Subject14/Subject14_Aufnahme398.csv,X
Subject14,Subject14/Subject14_Aufnahme399.csv,X
Subject14,Subject14/Subject14_Aufnahme400.csv,X
Subject14,Subject14/Subject14_Aufnahme401.csv,X
Subject14,Subject14/Subject14_Aufnahme402.csv,X
Subject14,Subject14/Subject14_Aufnahme403.csv,X
Subject14,Subject14/Subject14_Aufnahme404.csv,X
Subject14,Subject14/Subject14_Aufnahme405.csv,X
Subject14,Subject14/Subject14_Aufnahme406.csv,X
Subject14,Subject14/Subject14_Aufnahme407.csv,X
Subject14,Subject14/Subject14_Aufnahme408.csv,X
Subject14,Subject14/Subject14_Aufnahme409.csv,X
Subject14,Subject14/Subject14_Aufnahme410.csv,X
Subject14,Subject14/Subject14_Aufnahme411.csv,X
Subject14,Subject14/Subject14_Aufnahme412.csv,X
Subject14,Subject14/Subject14_Aufnahme413.csv,X
Subject14,Subject14/Subject14_Aufnahme414.csv,X
Subject14,Subject14/Subject14_Aufnahme415.csv,X
Subject14,Subject14/Subject14_Aufnahme416.csv,X
Subject14,Subject14/Subject14_Aufnahme417.csv,X
Subject14,Subject14/Subject14_Aufnahme418.csv,X
Subject14,Subject14/Subject14_Aufnahme419.csv,X
Subject14,Subject14/Subject14_Aufnahme420.csv,X
Subject14,Subject14/Subject14_Aufnahme421.csv,X
Subject14,Subject14/Subject14_Aufnahme422.csv,X
Subject14,Subject14/Subject14_Aufnahme423.csv,X
Subject14,Subject14/Subject14_Aufnahme424.csv,X
Subject14,Subject14/Subject14_Aufnahme425.csv,X
Subject14,Subject14/Subject14_Aufnahme426.csv,X
Subject14,Subject14/Subject14_Aufnahme427.csv,X
Subject14,Subject14/Subject14_Aufnahme428.csv,X
Subject14,Subject14/Subject14_Aufnahme429.csv,X
Subject14,Subject14/Subject14_Aufnahme430.csv,X
Subject14,Subject14/Subject14_Aufnahme431.csv,X
Subject14,Subject14/Subject14_Aufnahme432.csv,X
Subject14,Subject14/Subject14_Aufnahme433.csv,X
Subject14,Subject14/Subject14_Aufnahme434.csv,X
Subject14,Subject14/Subject14_Aufnahme435.csv,X
Subject14,Subject14/Subject14_Aufnahme436.csv,X
Subject14,Subject14/Subject14_Aufnahme437.csv,X
Subject14,Subject14/Subject14_Aufnahme438.csv,X
Subject14,Subject14/Subject14_Aufnahme439.csv,X
Subject15,Subject15/Subject15_Aufnahme000.csv,X
Subject15,Subject15/Subject15_Aufnahme001.csv,X
Subject15,Subject15/Subject15_Aufnahme002.csv,X
Subject15,Subject15/Subject15_Aufnahme003.csv,X
Subject15,Subject15/Subject15_Aufnahme004.csv,X
Subject15,Subject15/Subject15_Aufnahme005.csv,X
Subject15,Subject15/Subject15_Aufnahme006.csv,X
Subject15,Subject15/Subject15_Aufnahme007.csv,X
Subject15,Subject15/Subject15_Aufnahme008.csv,X
Subject15,Subject15/Subject15_Aufnahme009.csv,X
Subject15,Subject15/Subject15_Aufnahme010.csv,X
Subject15,Subject15/Subject15_Aufnahme011.csv,X
Subject15,Subject15/Subject15_Aufnahme012.csv,X
Subject15,Subject15/Subject15_Aufnahme013.csv,X
Subject15,Subject15/Subject15_Aufnahme014.csv,X
Subject15,Subject15/Subject15_Aufnahme015.csv,X
Subject15,Subject15/Subject15_Aufnahme016.csv,X
Subject15,Subject15/Subject15_Aufnahme017.csv,X
Subject15,Subject15/Subject15_Aufnahme018.csv,X
Subject15,Subject15/Subject15_Aufnahme019.csv,X
Subject15,Subject15/Subject15_Aufnahme020.csv,X
Subject15,Subject15/Subject15_Aufnahme021.csv,X
Subject15,Subject15/Subject15_Aufnahme022.csv,X
Subject15,Subject15/Subject15_Aufnahme023.csv,X
Subject15,Subject15/Subject15_Aufnahme024.csv,X
Subject15,Subject15/Subject15_Aufnahme025.csv,X
Subject15,Subject15/Subject15_Aufnahme026.csv,X
Subject15,Subject15/Subject15_Aufnahme027.csv,X
Subject15,Subject15/Subject15_Aufnahme028.csv,X
Subject15,Subject15/Subject15_Aufnahme029.csv,X
Subject15,Subject15/Subject15_Aufnahme030.csv,X
Subject15,Subject15/Subject15_Aufnahme031.csv,X
Subject15,Subject15/Subject15_Aufnahme032.csv,X
Subject15,Subject15/Subject15_Aufnahme033.csv,X
Subject15,Subject15/Subject15_Aufnahme034.csv,X
Subject15,Subject15/Subject15_Aufnahme035.csv,X
Subject15,Subject15/Subject15_Aufnahme036.csv,X
Subject15,Subject15/Subject15_Aufnahme037.csv,X
Subject15,Subject15/Subject15_Aufnahme038.csv,X
Subject15,Subject15/Subject15_Aufnahme039.csv,X
Subject15,Subject15/Subject15_Aufnahme040.csv,X
Subject15,Subject15/Subject15_Aufnahme041.csv,X
Subject15,Subject15/Subject15_Aufnahme042.csv,X
Subject15,Subject15/Subject15_Aufnahme043.csv,X
Subject15,Subject15/Subject15_Aufnahme044.csv,X
Subject15,Subject15/Subject15_Aufnahme045.csv,X
Subject15,Subject15/Subject15_Aufnahme046.csv,X
Subject15,Subject15/Subject15_Aufnahme047.csv,X
Subject15,Subject15/Subject15_Aufnahme048.csv,X
Subject15,Subject15/Subject15_Aufnahme049.csv,X
Subject15,Subject15/Subject15_Aufnahme050.csv,X
Subject15,Subject15/Subject15_Aufnahme051.csv,X
Subject15,Subject15/Subject15_Aufnahme052.csv,X
Subject15,Subject15/Subject15_Aufnahme053.csv,X
Subject15,Subject15/Subject15_Aufnahme054.csv,X
Subject15,Subject15/Subject15_Aufnahme055.csv,X
Subject15,Subject15/Subject15_Aufnahme056.csv,X
Subject15,Subject15/Subject15_Aufnahme057.csv,X
Subject15,Subject15/Subject15_Aufnahme058.csv,X
Subject15,Subject15/Subject15_Aufnahme059.csv,X
Subject15,Subject15/Subject15_Aufnahme060.csv,X
Subject15,Subject15/Subject15_Aufnahme061.csv,X
Subject15,Subject15/Subject15_Aufnahme062.csv,X
Subject15,Subject15/Subject15_Aufnahme063.csv,X
Subject15,Subject15/Subject15_Aufnahme064.csv,X
Subject15,Subject15/Subject15_Aufnahme065.csv,X
Subject15,Subject15/Subject15_Aufnahme066.csv,X
Subject15,Subject15/Subject15_Aufnahme067.csv,X
Subject15,Subject15/Subject15_Aufnahme068.csv,X
Subject15,Subject15/Subject15_Aufnahme069.csv,X
Subject15,Subject15/Subject15_Aufnahme070.csv,X
Subject15,Subject15/Subject15_Aufnahme071.csv,X
Subject15,Subject15/Subject15_Aufnahme072.csv,X
Subject15,Subject15/Subject15_Aufnahme073.csv,X
Subject15,Subject15/Subject15_Aufnahme074.csv,X
Subject15,Subject15/Subject15_Aufnahme075.csv,X
Subject15,Subject15/Subject15_Aufnahme076.csv,X
Subject15,Subject15/Subject15_Aufnahme077.csv,X
Subject15,Subject15/Subject15_Aufnahme078.csv,X
Subject15,Subject15/Subject15_Aufnahme079.csv,X
Subject15,Subject15/Subject15_Aufnahme080.csv,X
Subject15,Subject15/Subject15_Aufnahme081.csv,X
Subject15,Subject15/Subject15_Aufnahme082.csv,X
Subject15,Subject15/Subject15_Aufnahme083.csv,X
Subject15,Subject15/Subject15_Aufnahme084.csv,X
Subject15,Subject15/Subject15_Aufnahme085.csv,X
Subject15,Subject15/Subject15_Aufnahme086.csv,X
Subject15,Subject15/Subject15_Aufnahme087.csv,X
Subject15,Subject15/Subject15_Aufnahme088.csv,X
Subject15,Subject15/Subject15_Aufnahme089.csv,X
Subject15,Subject15/Subject15_Aufnahme090.csv,X
Subject15,Subject15/Subject15_Aufnahme091.csv,X
Subject15,Subject15/Subject15_Aufnahme092.csv,X
Subject15,Subject15/Subject15_Aufnahme093.csv,X
Subject15,Subject15/Subject15_Aufnahme094.csv,X
Subject15,Subject15/Subject15_Aufnahme095.csv,X
Subject15,Subject15/Subject15_Aufnahme096.csv,X
Subject15,Subject15/Subject15_Aufnahme097.csv,X
Subject15,Subject15/Subject15_Aufnahme098.csv,X
Subject15,Subject15/Subject15_Aufnahme099.csv,X
Subject15,Subject15/Subject15_Aufnahme100.csv,X
Subject15,Subject15/Subject15_Aufnahme101.csv,X
Subject15,Subject15/Subject15_Aufnahme102.csv,X
Subject15,Subject15/Subject15_Aufnahme103.csv,X
Subject15,Subject15/Subject15_Aufnahme104.csv,X
Subject15,Subject15/Subject15_Aufnahme105.csv,X
Subject15,Subject15/Subject15_Aufnahme106.csv,X
Subject15,Subject15/Subject15_Aufnahme107.csv,X
Subject15,Subject15/Subject15_Aufnahme108.csv,X
Subject15,Subject15/Subject15_Aufnahme109.csv,X
Subject15,Subject15/Subject15_Aufnahme110.csv,X
Subject15,Subject15/Subject15_Aufnahme111.csv,X
Subject15,Subject15/Subject15_Aufnahme112.csv,X
Subject15,Subject15/Subject15_Aufnahme113.csv,X
Subject15,Subject15/Subject15_Aufnahme114.csv,X
Subject15,Subject15/Subject15_Aufnahme115.csv,X
Subject15,Subject15/Subject15_Aufnahme116.csv,X
Subject15,Subject15/Subject15_Aufnahme117.csv,X
Subject15,Subject15/Subject15_Aufnahme118.csv,X
Subject15,Subject15/Subject15_Aufnahme119.csv,X
Subject15,Subject15/Subject15_Aufnahme120.csv,X
Subject15,Subject15/Subject15_Aufnahme121.csv,X
Subject15,Subject15/Subject15_Aufnahme122.csv,X
Subject15,Subject15/Subject15_Aufnahme123.csv,X
Subject15,Subject15/Subject15_Aufnahme124.csv,X
Subject15,Subject15/Subject15_Aufnahme125.csv,X
Subject15,Subject15/Subject15_Aufnahme126.csv,X
Subject15,Subject15/Subject15_Aufnahme127.csv,X
Subject15,Subject15/Subject15_Aufnahme128.csv,X
Subject15,Subject15/Subject15_Aufnahme129.csv,X
Subject15,Subject15/Subject15_Aufnahme130.csv,X
Subject15,Subject15/Subject15_Aufnahme131.csv,X
Subject15,Subject15/Subject15_Aufnahme132.csv,X
Subject15,Subject15/Subject15_Aufnahme133.csv,X
Subject15,Subject15/Subject15_Aufnahme134.csv,X
Subject15,Subject15/Subject15_Aufnahme135.csv,X
Subject15,Subject15/Subject15_Aufnahme136.csv,X
Subject15,Subject15/Subject15_Aufnahme137.csv,X
Subject15,Subject15/Subject15_Aufnahme138.csv,X
Subject15,Subject15/Subject15_Aufnahme139.csv,X
Subject15,Subject15/Subject15_Aufnahme140.csv,X
Subject15,Subject15/Subject15_Aufnahme141.csv,X
Subject15,Subject15/Subject15_Aufnahme142.csv,X
Subject15,Subject15/Subject15_Aufnahme143.csv,X
Subject15,Subject15/Subject15_Aufnahme144.csv,X
Subject15,Subject15/Subject15_Aufnahme145.csv,X
Subject15,Subject15/Subject15_Aufnahme146.csv,X
Subject15,Subject15/Subject15_Aufnahme147.csv,X
Subject15,Subject15/Subject15_Aufnahme148.csv,X
Subject15,Subject15/Subject15_Aufnahme149.csv,X
Subject15,Subject15/Subject15_Aufnahme150.csv,X
Subject15,Subject15/Subject15_Aufnahme151.csv,X
Subject15,Subject15/Subject15_Aufnahme152.csv,X
Subject15,Subject15/Subject15_Aufnahme153.csv,X
Subject15,Subject15/Subject15_Aufnahme154.csv,X
Subject15,Subject15/Subject15_Aufnahme155.csv,X
Subject15,Subject15/Subject15_Aufnahme156.csv,X
Subject15,Subject15/Subject15_Aufnahme157.csv,X
Subject15,Subject15/Subject15_Aufnahme158.csv,X
Subject15,Subject15/Subject15_Aufnahme159.csv,X
Subject15,Subject15/Subject15_Aufnahme160.csv,X
Subject15,Subject15/Subject15_Aufnahme161.csv,X
Subject15,Subject15/Subject15_Aufnahme162.csv,X
Subject15,Subject15/Subject15_Aufnahme163.csv,X
Subject15,Subject15/Subject15_Aufnahme164.csv,X
Subject15,Subject15/Subject15_Aufnahme165.csv,X
Subject15,Subject15/Subject15_Aufnahme166.csv,X
Subject15,Subject15/Subject15_Aufnahme167.csv,X
Subject15,Subject15/Subject15_Aufnahme168.csv,X
Subject15,Subject15/Subject15_Aufnahme169.csv,X
Subject15,Subject15/Subject15_Aufnahme170.csv,X
Subject15,Subject15/Subject15_Aufnahme171.csv,X
Subject15,Subject15/Subject15_Aufnahme172.csv,X
Subject15,Subject15/Subject15_Aufnahme173.csv,X
Subject15,Subject15/Subject15_Aufnahme174.csv,X
Subject15,Subject15/Subject15_Aufnahme175.csv,X
Subject15,Subject15/Subject15_Aufnahme176.csv,X
Subject15,Subject15/Subject15_Aufnahme177.csv,X
Subject15,Subject15/Subject15_Aufnahme178.csv,X
Subject15,Subject15/Subject15_Aufnahme179.csv,X
Subject15,Subject15/Subject15_Aufnahme180.csv,X
Subject15,Subject15/Subject15_Aufnahme181.csv,X
Subject15,Subject15/Subject15_Aufnahme182.csv,X
Subject15,Subject15/Subject15_Aufnahme183.csv,X
Subject15,Subject15/Subject15_Aufnahme184.csv,X
Subject15,Subject15/Subject15_Aufnahme185.csv,X
Subject15,Subject15/Subject15_Aufnahme186.csv,X
Subject15,Subject15/Subject15_Aufnahme187.csv,X
Subject15,Subject15/Subject15_Aufnahme188.csv,X
Subject15,Subject15/Subject15_Aufnahme189.csv,X
Subject15,Subject15/Subject15_Aufnahme190.csv,X
Subject15,Subject15/Subject15_Aufnahme191.csv,X
Subject15,Subject15/Subject15_Aufnahme192.csv,X
Subject15,Subject15/Subject15_Aufnahme193.csv,X
Subject15,Subject15/Subject15_Aufnahme194.csv,X
Subject15,Subject15/Subject15_Aufnahme195.csv,X
Subject15,Subject15/Subject15_Aufnahme196.csv,X
Subject15,Subject15/Subject15_Aufnahme197.csv,X
Subject15,Subject15/Subject15_Aufnahme198.csv,X
Subject15,Subject15/Subject15_Aufnahme199.csv,X
Subject15,Subject15/Subject15_Aufnahme200.csv,X
Subject15,Subject15/Subject15_Aufnahme201.csv,X
Subject15,Subject15/Subject15_Aufnahme202.csv,X
Subject15,Subject15/Subject15_Aufnahme203.csv,X
Subject15,Subject15/Subject15_Aufnahme204.csv,X
Subject15,Subject15/Subject15_Aufnahme205.csv,X
Subject15,Subject15/Subject15_Aufnahme206.csv,X
Subject15,Subject15/Subject15_Aufnahme207.csv,X
Subject15,Subject15/Subject15_Aufnahme208.csv,X
Subject15,Subject15/Subject15_Aufnahme209.csv,X
Subject15,Subject15/Subject15_Aufnahme210.csv,X
Subject15,Subject15/Subject15_Aufnahme211.csv,X
Subject15,Subject15/Subject15_Aufnahme212.csv,X
Subject15,Subject15/Subject15_Aufnahme213.csv,X
Subject15,Subject15/Subject15_Aufnahme214.csv,X
Subject15,Subject15/Subject15_Aufnahme215.csv,X
Subject15,Subject15/Subject15_Aufnahme216.csv,X
Subject15,Subject15/Subject15_Aufnahme217.csv,X
Subject15,Subject15/Subject15_Aufnahme218.csv,X
Subject15,Subject15/Subject15_Aufnahme219.csv,X
Subject15,Subject15/Subject15_Aufnahme220.csv,X
Subject15,Subject15/Subject15_Aufnahme221.csv,X
Subject15,Subject15/Subject15_Aufnahme222.csv,X
Subject15,Subject15/Subject15_Aufnahme223.csv,X
Subject15,Subject15/Subject15_Aufnahme224.csv,X
Subject15,Subject15/Subject15_Aufnahme225.csv,X
Subject15,Subject15/Subject15_Aufnahme226.csv,X
Subject15,Subject15/Subject15_Aufnahme227.csv,X
Subject15,Subject15/Subject15_Aufnahme228.csv,X
Subject15,Subject15/Subject15_Aufnahme229.csv,X
Subject15,Subject15/Subject15_Aufnahme230.csv,X
Subject15,Subject15/Subject15_Aufnahme231.csv,X
Subject15,Subject15/Subject15_Aufnahme232.csv,X
Subject15,Subject15/Subject15_Aufnahme233.csv,X
Subject15,Subject15/Subject15_Aufnahme234.csv,X
Subject15,Subject15/Subject15_Aufnahme235.csv,X
Subject15,Subject15/Subject15_Aufnahme236.csv,X
Subject15,Subject15/Subject15_Aufnahme237.csv,X
Subject15,Subject15/Subject15_Aufnahme238.csv,X
Subject15,Subject15/Subject15_Aufnahme239.csv,X
Subject15,Subject15/Subject15_Aufnahme240.csv,X
Subject15,Subject15/Subject15_Aufnahme241.csv,X
Subject15,Subject15/Subject15_Aufnahme242.csv,X
Subject15,Subject15/Subject15_Aufnahme243.csv,X
Subject15,Subject15/Subject15_Aufnahme244.csv,X
Subject15,Subject15/Subject15_Aufnahme245.csv,X
Subject15,Subject15/Subject15_Aufnahme246.csv,X
Subject15,Subject15/Subject15_Aufnahme247.csv,X
Subject15,Subject15/Subject15_Aufnahme248.csv,X
Subject15,Subject15/Subject15_Aufnahme249.csv,X
Subject15,Subject15/Subject15_Aufnahme250.csv,X
Subject15,Subject15/Subject15_Aufnahme251.csv,X
Subject15,Subject15/Subject15_Aufnahme252.csv,X
Subject15,Subject15/Subject15_Aufnahme253.csv,X
Subject15,Subject15/Subject15_Aufnahme254.csv,X
Subject15,Subject15/Subject15_Aufnahme255.csv,X
Subject15,Subject15/Subject15_Aufnahme256.csv,X
Subject15,Subject15/Subject15_Aufnahme257.csv,X
Subject15,Subject15/Subject15_Aufnahme258.csv,X
Subject15,Subject15/Subject15_Aufnahme259.csv,X
Subject15,Subject15/Subject15_Aufnahme260.csv,X
Subject15,Subject15/Subject15_Aufnahme261.csv,X
Subject15,Subject15/Subject15_Aufnahme262.csv,X
Subject15,Subject15/Subject15_Aufnahme263.csv,X
Subject15,Subject15/Subject15_Aufnahme264.csv,X
Subject15,Subject15/Subject15_Aufnahme265.csv,X
Subject15,Subject15/Subject15_Aufnahme266.csv,X
Subject15,Subject15/Subject15_Aufnahme267.csv,X
Subject15,Subject15/Subject15_Aufnahme268.csv,X
Subject15,Subject15/Subject15_Aufnahme269.csv,X
Subject15,Subject15/Subject15_Aufnahme270.csv,X
Subject15,Subject15/Subject15_Aufnahme271.csv,X
Subject15,Subject15/Subject15_Aufnahme272.csv,X
Subject15,Subject15/Subject15_Aufnahme273.csv,X
Subject15,Subject15/Subject15_Aufnahme274.csv,X
Subject15,Subject15/Subject15_Aufnahme275.csv,X
Subject15,Subject15/Subject15_Aufnahme276.csv,X
Subject15,Subject15/Subject15_Aufnahme277.csv,X
Subject15,Subject15/Subject15_Aufnahme278.csv,X
Subject15,Subject15/Subject15_Aufnahme279.csv,X
Subject15,Subject15/Subject15_Aufnahme280.csv,X
Subject15,Subject15/Subject15_Aufnahme281.csv,X
Subject15,Subject15/Subject15_Aufnahme282.csv,X
Subject15,Subject15/Subject15_Aufnahme283.csv,X
Subject15,Subject15/Subject15_Aufnahme284.csv,X
Subject15,Subject15/Subject15_Aufnahme285.csv,X
Subject15,Subject15/Subject15_Aufnahme286.csv,X
Subject15,Subject15/Subject15_Aufnahme287.csv,X
Subject15,Subject15/Subject15_Aufnahme288.csv,X
Subject15,Subject15/Subject15_Aufnahme289.csv,X
Subject15,Subject15/Subject15_Aufnahme290.csv,X
Subject15,Subject15/Subject15_Aufnahme291.csv,X
Subject15,Subject15/Subject15_Aufnahme292.csv,X
Subject15,Subject15/Subject15_Aufnahme293.csv,X
Subject15,Subject15/Subject15_Aufnahme294.csv,X
Subject15,Subject15/Subject15_Aufnahme295.csv,X
Subject15,Subject15/Subject15_Aufnahme296.csv,X
Subject15,Subject15/Subject15_Aufnahme297.csv,X
Subject15,Subject15/Subject15_Aufnahme298.csv,X
Subject15,Subject15/Subject15_Aufnahme299.csv,X
Subject15,Subject15/Subject15_Aufnahme300.csv,X
Subject15,Subject15/Subject15_Aufnahme301.csv,X
Subject15,Subject15/Subject15_Aufnahme302.csv,X
Subject15,Subject15/Subject15_Aufnahme303.csv,X
Subject15,Subject15/Subject15_Aufnahme304.csv,X
Subject15,Subject15/Subject15_Aufnahme305.csv,X
Subject15,Subject15/Subject15_Aufnahme306.csv,X
Subject15,Subject15/Subject15_Aufnahme307.csv,X
Subject15,Subject15/Subject15_Aufnahme308.csv,X
Subject15,Subject15/Subject15_Aufnahme309.csv,X
Subject15,Subject15/Subject15_Aufnahme310.csv,X
Subject15,Subject15/Subject15_Aufnahme311.csv,X
Subject15,Subject15/Subject15_Aufnahme312.csv,X
Subject15,Subject15/Subject15_Aufnahme313.csv,X
Subject15,Subject15/Subject15_Aufnahme314.csv,X
Subject15,Subject15/Subject15_Aufnahme315.csv,X
Subject15,Subject15/Subject15_Aufnahme316.csv,X
Subject15,Subject15/Subject15_Aufnahme317.csv,X
Subject15,Subject15/Subject15_Aufnahme318.csv,X
Subject15,Subject15/Subject15_Aufnahme319.csv,X
Subject15,Subject15/Subject15_Aufnahme320.csv,X
Subject15,Subject15/Subject15_Aufnahme321.csv,X
Subject15,Subject15/Subject15_Aufnahme322.csv,X
Subject15,Subject15/Subject15_Aufnahme323.csv,X
Subject15,Subject15/Subject15_Aufnahme324.csv,X
Subject15,Subject15/Subject15_Aufnahme325.csv,X
Subject15,Subject15/Subject15_Aufnahme326.csv,X
Subject15,Subject15/Subject15_Aufnahme327.csv,X
Subject15,Subject15/Subject15_Aufnahme328.csv,X
Subject15,Subject15/Subject15_Aufnahme329.csv,X
Subject15,Subject15/Subject15_Aufnahme330.csv,X
Subject15,Subject15/Subject15_Aufnahme331.csv,X
Subject15,Subject15/Subject15_Aufnahme332.csv,X
Subject15,Subject15/Subject15_Aufnahme333.csv,X
Subject15,Subject15/Subject15_Aufnahme334.csv,X
Subject15,Subject15/Subject15_Aufnahme335.csv,X
Subject15,Subject15/Subject15_Aufnahme336.csv,X
Subject15,Subject15/Subject15_Aufnahme337.csv,X
Subject15,Subject15/Subject15_Aufnahme338.csv,X
Subject15,Subject15/Subject15_Aufnahme339.csv,X
Subject15,Subject15/Subject15_Aufnahme340.csv,X
Subject15,Subject15/Subject15_Aufnahme341.csv,X
Subject15,Subject15/Subject15_Aufnahme342.csv,X
Subject15,Subject15/Subject15_Aufnahme343.csv,X
Subject15,Subject15/Subject15_Aufnahme344.csv,X
Subject15,Subject15/Subject15_Aufnahme345.csv,X
Subject15,Subject15/Subject15_Aufnahme346.csv,X
Subject15,Subject15/Subject15_Aufnahme347.csv,X
Subject15,Subject15/Subject15_Aufnahme348.csv,X
Subject15,Subject15/Subject15_Aufnahme349.csv,X
Subject15,Subject15/Subject15_Aufnahme350.csv,X
Subject15,Subject15/Subject15_Aufnahme351.csv,X
Subject15,Subject15/Subject15_Aufnahme352.csv,X
Subject15,Subject15/Subject15_Aufnahme353.csv,X
Subject15,Subject15/Subject15_Aufnahme354.csv,X
Subject15,Subject15/Subject15_Aufnahme355.csv,X
Subject15,Subject15/Subject15_Aufnahme356.csv,X
Subject15,Subject15/Subject15_Aufnahme357.csv,X
Subject15,Subject15/Subject15_Aufnahme358.csv,X
Subject15,Subject15/Subject15_Aufnahme359.csv,X
Subject15,Subject15/Subject15_Aufnahme360.csv,X
Subject15,Subject15/Subject15_Aufnahme361.csv,X
Subject15,Subject15/Subject15_Aufnahme362.csv,X
Subject15,Subject15/Subject15_Aufnahme363.csv,X
Subject15,Subject15/Subject15_Aufnahme364.csv,X
Subject15,Subject15/Subject15_Aufnahme365.csv,X
Subject15,Subject15/Subject15_Aufnahme366.csv,X
Subject15,Subject15/Subject15_Aufnahme367.csv,X
Subject15,Subject15/Subject15_Aufnahme368.csv,X
Subject15,Subject15/Subject15_Aufnahme369.csv,X
Subject15,Subject15/Subject15_Aufnahme370.csv,X
Subject15,Subject15/Subject15_Aufnahme371.csv,X
Subject15,Subject15/Subject15_Aufnahme372.csv,X
Subject15,Subject15/Subject15_Aufnahme373.csv,X
Subject15,Subject15/Subject15_Aufnahme374.csv,X
Subject15,Subject15/Subject15_Aufnahme375.csv,X
Subject15,Subject15/Subject15_Aufnahme376.csv,X
Subject15,Subject15/Subject15_Aufnahme377.csv,X
Subject15,Subject15/Subject15_Aufnahme378.csv,X
Subject15,Subject15/Subject15_Aufnahme379.csv,X
Subject15,Subject15/Subject15_Aufnahme380.csv,X
Subject15,Subject15/Subject15_Aufnahme381.csv,X
Subject15,Subject15/Subject15_Aufnahme382.csv,X
Subject15,Subject15/Subject15_Aufnahme383.csv,X
Subject15,Subject15/Subject15_Aufnahme384.csv,X
Subject15,Subject15/Subject15_Aufnahme385.csv,X
Subject15,Subject15/Subject15_Aufnahme386.csv,X
Subject15,Subject15/Subject15_Aufnahme387.csv,X
Subject15,Subject15/Subject15_Aufnahme388.csv,X
Subject15,Subject15/Subject15_Aufnahme389.csv,X
Subject15,Subject15/Subject15_Aufnahme390.csv,X
Subject15,Subject15/Subject15_Aufnahme391.csv,X
Subject15,Subject15/Subject15_Aufnahme392.csv,X
Subject15,Subject15/Subject15_Aufnahme393.csv,X
Subject15,Subject15/Subject15_Aufnahme394.csv,X
Subject15,Subject15/Subject15_Aufnahme395.csv,X
Subject15,Subject15/Subject15_Aufnahme396.csv,X
Subject15,Subject15/Subject15_Aufnahme397.csv,X
Subject15,Subject15/Subject15_Aufnahme398.csv,X
Subject15,Subject15/Subject15_Aufnahme399.csv,X
Subject15,Subject15/Subject15_Aufnahme400.csv,X
Subject15,Subject15/Subject15_Aufnahme401.csv,X
Subject15,Subject15/Subject15_Aufnahme402.csv,X
Subject15,Subject15/Subject15_Aufnahme403.csv,X
Subject15,Subject15/Subject15_Aufnahme404.csv,X
Subject15,Subject15/Subject15_Aufnahme405.csv,X
Subject15,Subject15/Subject15_Aufnahme406.csv,X
Subject15,Subject15/Subject15_Aufnahme407.csv,X
Subject15,Subject15/Subject15_Aufnahme408.csv,X
Subject15,Subject15/Subject15_Aufnahme409.csv,X
Subject15,Subject15/Subject15_Aufnahme410.csv,X
Subject15,Subject15/Subject15_Aufnahme411.csv,X
Subject15,Subject15/Subject15_Aufnahme412.csv,X
Subject15,Subject15/Subject15_Aufnahme413.csv,X
Subject15,Subject15/Subject15_Aufnahme414.csv,X
Subject15,Subject15/Subject15_Aufnahme415.csv,X
Subject15,Subject15/Subject15_Aufnahme416.csv,X
Subject15,Subject15/Subject15_Aufnahme417.csv,X
Subject15,Subject15/Subject15_Aufnahme418.csv,X
Subject15,Subject15/Subject15_Aufnahme419.csv,X
Subject15,Subject15/Subject15_Aufnahme420.csv,X
Subject15,Subject15/Subject15_Aufnahme421.csv,X
Subject15,Subject15/Subject15_Aufnahme422.csv,X
Subject15,Subject15/Subject15_Aufnahme423.csv,X
Subject15,Subject15/Subject15_Aufnahme424.csv,X
Subject15,Subject15/Subject15_Aufnahme425.csv,X
Subject15,Subject15/Subject15_Aufnahme426.csv,X
Subject15,Subject15/Subject15_Aufnahme427.csv,X
Subject15,Subject15/Subject15_Aufnahme428.csv,X
Subject15,Subject15/Subject15_Aufnahme429.csv,X
Subject15,Subject15/Subject15_Aufnahme430.csv,X
Subject15,Subject15/Subject15_Aufnahme431.csv,X
Subject15,Subject15/Subject15_Aufnahme432.csv,X
Subject15,Subject15/Subject15_Aufnahme433.csv,X
Subject15,Subject15/Subject15_Aufnahme434.csv,X
Subject15,Subject15/Subject15_Aufnahme435.csv,X
Subject15,Subject15/Subject15_Aufnahme436.csv,X
Subject15,Subject15/Subject15_Aufnahme437.csv,X
Subject15,Subject15/Subject15_Aufnahme438.csv,X
Subject15,Subject15/Subject15_Aufnahme439.csv,X
